# Made in Blockbench 5.1.4
mtllib swab_container.mtl

o cylinder
v 2.958561356830774e-17 0 2.2936475673574655e-17
v 2.958561356830774e-17 1.125 2.2936475673574655e-17
v 0.13397459621556132 0 0.5
v 0.13397459621556132 1.125 0.5
v 0.36602540378443865 0 0.3660254037844386
v 0.36602540378443865 1.125 0.3660254037844386
v 0.49999999999999994 0 0.13397459621556132
v 0.49999999999999994 1.125 0.13397459621556132
v 0.49999999999999994 0 -0.13397459621556135
v 0.49999999999999994 1.125 -0.13397459621556135
v 0.36602540378443865 0 -0.3660254037844385
v 0.36602540378443865 1.125 -0.3660254037844385
v 0.1339745962155615 0 -0.4999999999999999
v 0.1339745962155615 1.125 -0.4999999999999999
v -0.1339745962155611 0 -0.5
v -0.1339745962155611 1.125 -0.5
v -0.36602540378443854 0 -0.3660254037844386
v -0.36602540378443854 1.125 -0.3660254037844386
v -0.5000000000000001 0 -0.13397459621556126
v -0.5000000000000001 1.125 -0.13397459621556126
v -0.5000000000000001 0 0.1339745962155611
v -0.5000000000000001 1.125 0.1339745962155611
v -0.36602540378443865 0 0.3660254037844386
v -0.36602540378443865 1.125 0.3660254037844386
v -0.1339745962155613 0 0.5
v -0.1339745962155613 1.125 0.5
vt 0.108253125 0.983253125
vt 0.079246875 1
vt 0.0625 0.9375
vt 0.301903125 0.859375
vt 0.33539687500000004 0.859375
vt 0.33539687500000004 1
vt 0.301903125 1
vt 0.180809375 0.765625
vt 0.209815625 0.7823718749999999
vt 0.1640625 0.828125
vt 0.125 0.954246875
vt 0.108253125 0.983253125
vt 0.0625 0.9375
vt 0.000540624999999996 0.6484375
vt 0.034034375 0.6484375
vt 0.034034375 0.7890625
vt 0.000540624999999996 0.7890625
vt 0.209815625 0.7823718749999999
vt 0.2265625 0.8113781250000001
vt 0.1640625 0.828125
vt 0.125 0.9207531250000001
vt 0.125 0.954246875
vt 0.0625 0.9375
vt 0.034034375 0.6484375
vt 0.067528125 0.6484375
vt 0.067528125 0.7890625
vt 0.034034375 0.7890625
vt 0.2265625 0.8113781250000001
vt 0.2265625 0.8448718749999999
vt 0.1640625 0.828125
vt 0.108253125 0.8917468749999999
vt 0.125 0.9207531250000001
vt 0.0625 0.9375
vt 0.067528125 0.6484375
vt 0.10102187500000001 0.6484375
vt 0.10102187500000001 0.7890625
vt 0.067528125 0.7890625
vt 0.2265625 0.8448718749999999
vt 0.209815625 0.8738781250000001
vt 0.1640625 0.828125
vt 0.079246875 0.875
vt 0.108253125 0.8917468749999999
vt 0.0625 0.9375
vt 0.10991562499999999 0.6171875
vt 0.143409375 0.6171875
vt 0.143409375 0.7578125
vt 0.10991562499999999 0.7578125
vt 0.209815625 0.8738781250000001
vt 0.180809375 0.890625
vt 0.1640625 0.828125
vt 0.045753125 0.875
vt 0.079246875 0.875
vt 0.0625 0.9375
vt 0.143409375 0.6171875
vt 0.176903125 0.6171875
vt 0.176903125 0.7578125
vt 0.143409375 0.7578125
vt 0.180809375 0.890625
vt 0.147315625 0.890625
vt 0.1640625 0.828125
vt 0.016746875 0.8917468749999999
vt 0.045753125 0.875
vt 0.0625 0.9375
vt 0.176903125 0.6171875
vt 0.210396875 0.6171875
vt 0.210396875 0.7578125
vt 0.176903125 0.7578125
vt 0.147315625 0.890625
vt 0.118309375 0.8738781250000001
vt 0.1640625 0.828125
vt 0 0.9207531250000001
vt 0.016746875 0.8917468749999999
vt 0.0625 0.9375
vt 0.227103125 0.6484375
vt 0.260596875 0.6484375
vt 0.260596875 0.7890625
vt 0.227103125 0.7890625
vt 0.118309375 0.8738781250000001
vt 0.1015625 0.8448718749999999
vt 0.1640625 0.828125
vt 0 0.954246875
vt 0 0.9207531250000001
vt 0.0625 0.9375
vt 0.260596875 0.6484375
vt 0.294090625 0.6484375
vt 0.294090625 0.7890625
vt 0.260596875 0.7890625
vt 0.1015625 0.8448718749999999
vt 0.1015625 0.8113781250000001
vt 0.1640625 0.828125
vt 0.016746875 0.983253125
vt 0 0.954246875
vt 0.0625 0.9375
vt 0.294090625 0.6484375
vt 0.32758437500000004 0.6484375
vt 0.32758437500000004 0.7890625
vt 0.294090625 0.7890625
vt 0.1015625 0.8113781250000001
vt 0.118309375 0.7823718749999999
vt 0.1640625 0.828125
vt 0.045753125 1
vt 0.016746875 0.983253125
vt 0.0625 0.9375
vt 0.234915625 0.859375
vt 0.268409375 0.859375
vt 0.268409375 1
vt 0.234915625 1
vt 0.118309375 0.7823718749999999
vt 0.147315625 0.765625
vt 0.1640625 0.828125
vt 0.079246875 1
vt 0.045753125 1
vt 0.0625 0.9375
vt 0.268409375 0.859375
vt 0.301903125 0.859375
vt 0.301903125 1
vt 0.268409375 1
vt 0.147315625 0.765625
vt 0.180809375 0.765625
vt 0.1640625 0.828125
vn 0 -1 0
vn 0.5000000000000002 0 0.8660254037844386
vn 0 1 0
vn 0 -1 0
vn 0.8660254037844388 0 0.49999999999999994
vn 0 1 0
vn 0 -1 0
vn 1 0 0
vn 0 1 0
vn 0 -1 0
vn 0.8660254037844388 0 -0.5000000000000001
vn 0 1 0
vn 0 -1 0
vn 0.5000000000000004 0 -0.8660254037844386
vn 0 1 0
vn 0 -1 0
vn 4.1434087356338794e-16 0 -1
vn 0 1 0
vn 0 -1 0
vn -0.49999999999999983 0 -0.8660254037844387
vn 0 1 0
vn 0 -1 0
vn -0.8660254037844386 0 -0.5000000000000004
vn 0 1 0
vn 0 -1 0
vn -1 0 0
vn 0 1 0
vn 0 -1 0
vn -0.8660254037844387 0 0.49999999999999983
vn 0 1 0
vn 0 -1 0
vn -0.5 0 0.8660254037844387
vn 0 1 0
vn 0 -1 0
vn 0 0 1
vn 0 1 0
usemtl m_aeb473dc-abdd-ee05-74b0-2c651ba930e8
f 5/1/1 3/2/1 1/3/1
f 3/4/2 5/5/2 6/6/2 4/7/2
f 4/8/3 6/9/3 2/10/3
f 7/11/4 5/12/4 1/13/4
f 5/14/5 7/15/5 8/16/5 6/17/5
f 6/18/6 8/19/6 2/20/6
f 9/21/7 7/22/7 1/23/7
f 7/24/8 9/25/8 10/26/8 8/27/8
f 8/28/9 10/29/9 2/30/9
f 11/31/10 9/32/10 1/33/10
f 9/34/11 11/35/11 12/36/11 10/37/11
f 10/38/12 12/39/12 2/40/12
f 13/41/13 11/42/13 1/43/13
f 11/44/14 13/45/14 14/46/14 12/47/14
f 12/48/15 14/49/15 2/50/15
f 15/51/16 13/52/16 1/53/16
f 13/54/17 15/55/17 16/56/17 14/57/17
f 14/58/18 16/59/18 2/60/18
f 17/61/19 15/62/19 1/63/19
f 15/64/20 17/65/20 18/66/20 16/67/20
f 16/68/21 18/69/21 2/70/21
f 19/71/22 17/72/22 1/73/22
f 17/74/23 19/75/23 20/76/23 18/77/23
f 18/78/24 20/79/24 2/80/24
f 21/81/25 19/82/25 1/83/25
f 19/84/26 21/85/26 22/86/26 20/87/26
f 20/88/27 22/89/27 2/90/27
f 23/91/28 21/92/28 1/93/28
f 21/94/29 23/95/29 24/96/29 22/97/29
f 22/98/30 24/99/30 2/100/30
f 25/101/31 23/102/31 1/103/31
f 23/104/32 25/105/32 26/106/32 24/107/32
f 24/108/33 26/109/33 2/110/33
f 3/111/34 25/112/34 1/113/34
f 25/114/35 3/115/35 4/116/35 26/117/35
f 26/118/36 4/119/36 2/120/36
o sphere
v 0.02447366104125967 1.0235633380732723 -0.2643865976951429
v -0.02447366104125967 1.3826866619267277 -0.36061340230485717
v 0.018992942907743334 1.3575868031331177 -0.26238156446486444
v 0.05133373849076819 1.2420053149327304 -0.1935084264364325
v 0.05360392627321479 1.103648265554087 -0.1943389383934226
v 0.0703266813985115 1.3507139425927932 -0.3141431663743517
v 0.1239306076717263 1.2322856223443046 -0.2667103858669865
v 0.10493766476398296 1.0967754050137624 -0.24610054030290984
v 0.0703266813985115 1.331762356790218 -0.3848714474735639
v 0.1239306076717263 1.2054840326738252 -0.366735280240829
v 0.10493766476398296 1.0778238192111869 -0.31682882140212204
v 0.018992942907743355 1.3118336276600628 -0.4331347399379192
v 0.0513337384907682 1.1773005536571002 -0.4349898830086995
v 0.053603926273214815 1.0578950900810318 -0.3650921138664774
v -0.05360392627321477 1.302601734445913 -0.43066106160657747
v -0.051333738490768166 1.1642446850672696 -0.4314915735635676
v -0.018992942907743327 1.0486631968668823 -0.3626184355351356
v -0.10493766476398293 1.3094745949862376 -0.37889945969709027
v -0.1239306076717263 1.1739643776556954 -0.35828961413301363
v -0.0703266813985115 1.0555360574072068 -0.3108568336256484
v -0.10493766476398295 1.3284261807888131 -0.30817117859787796
v -0.1239306076717263 1.2007659673261748 -0.258264719759171
v -0.0703266813985115 1.074487643209782 -0.2401285525264361
v -0.05360392627321486 1.3483549099189682 -0.25990788613352267
v -0.05133373849076827 1.2289494463428998 -0.19001011699130055
v -0.018992942907743417 1.0944163723399372 -0.19186526006208085
vt 0.4928578125 0.72918046875
vt 0.4999942779242492 0.7349120094254311
vt 0.48828125 0.7421875
vt 0.2389515625 0.8515625
vt 0.23705625 0.83436875
vt 0.25 0.83436875
vt 0.2481046875 0.8515625
vt 0.23705625 0.83436875
vt 0.2389515625 0.817175
vt 0.2481046875 0.817175
vt 0.25 0.83436875
vt 0.5156192779242492 0.5932129905745689
vt 0.5084828125 0.59894453125
vt 0.50390625 0.5859375
vt 0.04099934552199092 0.8203125
vt 0.04297447207575081 0.811375018679054
vt 0.0546875 0.8186505092536229
vt 0.2063609375 0.995325
vt 0.204465625 0.97813125
vt 0.217409375 0.97813125
vt 0.2155140625 0.995325
vt 0.204465625 0.97813125
vt 0.2063609375 0.9609375
vt 0.2155140625 0.9609375
vt 0.217409375 0.97813125
vt 0.4648494720757508 0.922999981320946
vt 0.4628743455219909 0.9140625
vt 0.4765625 0.9157244907463771
vt 0.04297447207575081 0.811375018679054
vt 0.0501109375 0.805643478003623
vt 0.0546875 0.8186505092536229
vt 0.2597078125 0.8468875
vt 0.2578125 0.82969375
vt 0.27075625 0.82969375
vt 0.2688609375 0.8468875
vt 0.2578125 0.82969375
vt 0.2597078125 0.8125
vt 0.2688609375 0.8125
vt 0.27075625 0.82969375
vt 0.4719859375 0.928731521996377
vt 0.4648494720757508 0.922999981320946
vt 0.4765625 0.9157244907463771
vt 0.0501109375 0.805643478003623
vt 0.0592640625 0.805643478003623
vt 0.0546875 0.8186505092536229
vt 0.1829234375 1
vt 0.181028125 0.98280625
vt 0.193971875 0.98280625
vt 0.1920765625 1
vt 0.181028125 0.98280625
vt 0.1829234375 0.9656125
vt 0.1920765625 0.9656125
vt 0.193971875 0.98280625
vt 0.4811390625 0.928731521996377
vt 0.4719859375 0.928731521996377
vt 0.4765625 0.9157244907463771
vt 0.0592640625 0.805643478003623
vt 0.06640052792424919 0.811375018679054
vt 0.0546875 0.8186505092536229
vt 0.2858265625 0.8468875
vt 0.28393125 0.82969375
vt 0.296875 0.82969375
vt 0.2949796875 0.8468875
vt 0.28393125 0.82969375
vt 0.2858265625 0.8125
vt 0.2949796875 0.8125
vt 0.296875 0.82969375
vt 0.4882755279242492 0.922999981320946
vt 0.4811390625 0.928731521996377
vt 0.4765625 0.9157244907463771
vt 0.06640052792424919 0.811375018679054
vt 0.06837565447800908 0.8203125
vt 0.0546875 0.8186505092536229
vt 0.2063609375 0.94845
vt 0.204465625 0.93125625
vt 0.217409375 0.93125625
vt 0.2155140625 0.94845
vt 0.204465625 0.93125625
vt 0.2063609375 0.9140625
vt 0.2155140625 0.9140625
vt 0.217409375 0.93125625
vt 0.4902506544780091 0.9140625
vt 0.4882755279242492 0.922999981320946
vt 0.4765625 0.9157244907463771
vt 0.4765682220757508 0.7349120094254311
vt 0.4837046875 0.72918046875
vt 0.48828125 0.7421875
vt 0.3065828125 0.8515625
vt 0.3046875 0.83436875
vt 0.31763125 0.83436875
vt 0.3157359375 0.8515625
vt 0.3046875 0.83436875
vt 0.3065828125 0.817175
vt 0.3157359375 0.817175
vt 0.31763125 0.83436875
vt 0.4993296875 0.59894453125
vt 0.4921932220757508 0.5932129905745689
vt 0.50390625 0.5859375
vt 0.4837046875 0.72918046875
vt 0.4928578125 0.72918046875
vt 0.48828125 0.7421875
vt 0.1829234375 0.953125
vt 0.181028125 0.93593125
vt 0.193971875 0.93593125
vt 0.1920765625 0.953125
vt 0.181028125 0.93593125
vt 0.1829234375 0.9187375
vt 0.1920765625 0.9187375
vt 0.193971875 0.93593125
vt 0.5084828125 0.59894453125
vt 0.4993296875 0.59894453125
vt 0.50390625 0.5859375
vn 0.25911375008262716 0.9570726030008045 0.1298926368328187
vn 0.6410220904086329 0.5172555800996131 0.5670426301998458
vn 0.7105090336633906 0.007434389391877572 0.7036488065342575
vn 0.48085165711609607 -0.6698040229343003 0.5658129149372008
vn 0.4123656037569478 0.8799762451566514 -0.23578892424829692
vn 0.9209333511886262 0.376440717451603 -0.10086698623934962
vn 0.9904202944433838 -0.13338047325613264 0.035739190095061865
vn 0.6341035107904166 -0.7469003807784532 0.2001313538560851
vn 0.2591137500826273 0.7639028690483853 -0.5910266247621702
vn 0.6410220904086331 0.16443515751559776 -0.7497011128316182
vn 0.7105090336633908 -0.3453860331921379 -0.6130949364972068
vn 0.4808516571160963 -0.8629737568867193 -0.15510634665778825
vn -0.11086895351673444 0.6768466841697957 -0.7277270376140063
vn -0.03474347162737877 0.00542888200360711 -0.999381517949711
vn 0.03474347162737912 -0.5043923087041285 -0.8627753416152995
vn 0.11086895351673459 -0.950029941765309 -0.29180675950962426
vn -0.48085165711609595 0.6698040229343001 -0.5658129149372009
vn -0.7105090336633901 -0.007434389391877459 -0.7036488065342579
vn -0.6410220904086326 -0.5172555800996131 -0.5670426301998462
vn -0.2591137500826269 -0.9570726030008044 -0.1298926368328187
vn -0.6341035107904166 0.7469003807784532 -0.2001313538560852
vn -0.9904202944433838 0.13338047325613286 -0.03573919009506192
vn -0.9209333511886262 -0.37644071745160307 0.10086698623934964
vn -0.4123656037569477 -0.8799762451566513 0.2357889242482969
vn -0.48085165711609623 0.8629737568867191 0.1551063466577881
vn -0.710509033663391 0.345386033192138 0.6130949364972067
vn -0.6410220904086331 -0.16443515751559776 0.7497011128316182
vn -0.25911375008262727 -0.7639028690483853 0.5910266247621702
vn -0.11086895351673459 0.950029941765309 0.29180675950962426
vn -0.034743471627378945 0.5043923087041285 0.8627753416152995
vn 0.034743471627378446 -0.005428882003607276 0.999381517949711
vn 0.11086895351673422 -0.6768466841697955 0.7277270376140063
usemtl m_aeb473dc-abdd-ee05-74b0-2c651ba930e8
f 29/121/37 32/122/37 28/123/37
f 29/124/38 30/125/38 33/126/38 32/127/38
f 30/128/39 31/129/39 34/130/39 33/131/39
f 34/132/40 31/133/40 27/134/40
f 32/135/41 35/136/41 28/137/41
f 32/138/42 33/139/42 36/140/42 35/141/42
f 33/142/43 34/143/43 37/144/43 36/145/43
f 37/146/44 34/147/44 27/148/44
f 35/149/45 38/150/45 28/151/45
f 35/152/46 36/153/46 39/154/46 38/155/46
f 36/156/47 37/157/47 40/158/47 39/159/47
f 40/160/48 37/161/48 27/162/48
f 38/163/49 41/164/49 28/165/49
f 38/166/50 39/167/50 42/168/50 41/169/50
f 39/170/51 40/171/51 43/172/51 42/173/51
f 43/174/52 40/175/52 27/176/52
f 41/177/53 44/178/53 28/179/53
f 41/180/54 42/181/54 45/182/54 44/183/54
f 42/184/55 43/185/55 46/186/55 45/187/55
f 46/188/56 43/189/56 27/190/56
f 44/191/57 47/192/57 28/193/57
f 44/194/58 45/195/58 48/196/58 47/197/58
f 45/198/59 46/199/59 49/200/59 48/201/59
f 49/202/60 46/203/60 27/204/60
f 47/205/61 50/206/61 28/207/61
f 47/208/62 48/209/62 51/210/62 50/211/62
f 48/212/63 49/213/63 52/214/63 51/215/63
f 52/216/64 49/217/64 27/218/64
f 50/219/65 29/220/65 28/221/65
f 50/222/66 51/223/66 30/224/66 29/225/66
f 51/226/67 52/227/67 31/228/67 30/229/67
f 31/230/68 52/231/68 27/232/68
o sphere
v -0.21691908941492022 1.024661189252066 0.20296201951414583
v -0.2830809105850798 1.381588810747934 0.29703798048585417
v -0.27609516982197235 1.3044760721583775 0.3756106698184121
v -0.2538232324895826 1.1679932500594978 0.3806023323501131
v -0.22931169741690088 1.052090130605864 0.3090889198686762
v -0.2087425084689148 1.3227937143218431 0.35348070493111217
v -0.1585721853421664 1.1938983080377683 0.3493058358716531
v -0.16195903606384332 1.0704077727693297 0.28695895498137625
v -0.17926048792526555 1.344933177431904 0.29021691600297683
v -0.11687831204317545 1.2252082370316753 0.25983732756237526
v -0.13247701552019409 1.0925472358793908 0.2236951660532409
v -0.20491927597933213 1.3579254642623453 0.22287837258099902
v -0.15316531810329317 1.2435821052735265 0.16460624618456465
v -0.15813580357426066 1.1055395227098321 0.1563566226312631
v -0.2706883025830991 1.354159869394136 0.19091108013132374
v -0.24617676751041734 1.2382567499405022 0.11939766764988685
v -0.22390483017802765 1.1017739278416225 0.12438933018158782
v -0.3380409639361566 1.3358422272306703 0.21304104501862373
v -0.34142781465783356 1.212351691962232 0.15069416412834685
v -0.29125749153108516 1.0834562856781569 0.14651929506888778
v -0.3675229844798059 1.3137027641206092 0.2763048339467591
v -0.38312168795682455 1.1810417629683247 0.24016267243762476
v -0.32073951207473445 1.061316822568096 0.20978308399702317
v -0.34186419642573934 1.3007104772901679 0.34364337736873685
v -0.34683468189670685 1.1626678947264735 0.33539375381543524
v -0.2950807240206679 1.0483245357376547 0.2771216274190009
vt 0.2975453125 0.51043046875
vt 0.3046817779242492 0.5161620094254311
vt 0.29296875 0.5234375
vt 0.3405140625 0.6640625
vt 0.33861875 0.64686875
vt 0.3515625 0.64686875
vt 0.3496671875 0.6640625
vt 0.33861875 0.64686875
vt 0.3405140625 0.629675
vt 0.3496671875 0.629675
vt 0.3515625 0.64686875
vt 0.4296817779242492 0.4994629905745689
vt 0.4225453125 0.50519453125
vt 0.41796875 0.4921875
vt 0.2831868455219909 0.546875
vt 0.2851619720757508 0.537937518679054
vt 0.296875 0.5452130092536229
vt 0.3391734375 0.7531375
vt 0.337278125 0.73594375
vt 0.350221875 0.73594375
vt 0.3483265625 0.7531375
vt 0.337278125 0.73594375
vt 0.3391734375 0.71875
vt 0.3483265625 0.71875
vt 0.350221875 0.73594375
vt 0.4648494720757508 0.899562481320946
vt 0.4628743455219909 0.890625
vt 0.4765625 0.8922869907463771
vt 0.2851619720757508 0.537937518679054
vt 0.2922984375 0.532205978003623
vt 0.296875 0.5452130092536229
vt 0.3456453125 0.995325
vt 0.34375 0.97813125
vt 0.35669375 0.97813125
vt 0.3547984375 0.995325
vt 0.34375 0.97813125
vt 0.3456453125 0.9609375
vt 0.3547984375 0.9609375
vt 0.35669375 0.97813125
vt 0.4719859375 0.905294021996377
vt 0.4648494720757508 0.899562481320946
vt 0.4765625 0.8922869907463771
vt 0.2922984375 0.532205978003623
vt 0.3014515625 0.532205978003623
vt 0.296875 0.5452130092536229
vt 0.3313609375 0.8515625
vt 0.329465625 0.83436875
vt 0.342409375 0.83436875
vt 0.3405140625 0.8515625
vt 0.329465625 0.83436875
vt 0.3313609375 0.817175
vt 0.3405140625 0.817175
vt 0.342409375 0.83436875
vt 0.4811390625 0.905294021996377
vt 0.4719859375 0.905294021996377
vt 0.4765625 0.8922869907463771
vt 0.3014515625 0.532205978003623
vt 0.3085880279242492 0.537937518679054
vt 0.296875 0.5452130092536229
vt 0.3483265625 0.94845
vt 0.34643125 0.93125625
vt 0.359375 0.93125625
vt 0.3574796875 0.94845
vt 0.34643125 0.93125625
vt 0.3483265625 0.9140625
vt 0.3574796875 0.9140625
vt 0.359375 0.93125625
vt 0.4882755279242492 0.899562481320946
vt 0.4811390625 0.905294021996377
vt 0.4765625 0.8922869907463771
vt 0.3085880279242492 0.537937518679054
vt 0.3105631544780091 0.546875
vt 0.296875 0.5452130092536229
vt 0.3391734375 0.7062625
vt 0.337278125 0.68906875
vt 0.350221875 0.68906875
vt 0.3483265625 0.7062625
vt 0.337278125 0.68906875
vt 0.3391734375 0.671875
vt 0.3483265625 0.671875
vt 0.350221875 0.68906875
vt 0.4902506544780091 0.890625
vt 0.4882755279242492 0.899562481320946
vt 0.4765625 0.8922869907463771
vt 0.2812557220757508 0.5161620094254311
vt 0.2883921875 0.51043046875
vt 0.29296875 0.5234375
vt 0.3456453125 0.90625
vt 0.34375 0.88905625
vt 0.35669375 0.88905625
vt 0.3547984375 0.90625
vt 0.34375 0.88905625
vt 0.3456453125 0.8718625
vt 0.3547984375 0.8718625
vt 0.35669375 0.88905625
vt 0.4133921875 0.50519453125
vt 0.4062557220757508 0.4994629905745689
vt 0.41796875 0.4921875
vt 0.2883921875 0.51043046875
vt 0.2975453125 0.51043046875
vt 0.29296875 0.5234375
vt 0.3391734375 0.8046875
vt 0.337278125 0.78749375
vt 0.350221875 0.78749375
vt 0.3483265625 0.8046875
vt 0.337278125 0.78749375
vt 0.3391734375 0.7703
vt 0.3483265625 0.7703
vt 0.350221875 0.78749375
vt 0.4225453125 0.50519453125
vt 0.4133921875 0.50519453125
vt 0.41796875 0.4921875
vn 0.03507216379530311 0.7148243134407467 0.6984240432865129
vn 0.29081384287332646 0.0823195096705694 0.9532317698864455
vn 0.3847389549669288 -0.42438460254063815 0.8196789893960805
vn 0.3347940510736504 -0.9021054875297726 0.2722473741551333
vn 0.32416263210986623 0.8356050428353162 0.44348934635658704
vn 0.8188314526137769 0.30292295055688445 0.48759895225105165
vn 0.9127565647073798 -0.20378116165432322 0.35404617176068676
vn 0.6238845193882135 -0.7813247581352032 0.017312677225207518
vn 0.3355765186352319 0.9404874449259591 0.05358886150403723
vn 0.8396786743022299 0.4944884337726045 -0.22454601485478753
vn 0.9336037863958324 -0.01221567843860319 -0.35809879534515265
vn 0.6352984059135792 -0.6764423560445603 -0.3725878076273424
vn 0.06262772344422841 0.9680328310222449 -0.24287899522035872
vn 0.34114348821138757 0.5447994973325162 -0.7660382680762134
vn 0.43506860030499034 0.03809538512130855 -0.8995910485665783
vn 0.36234961072257593 -0.6488969699482745 -0.6690556643517384
vn -0.33479405107365023 0.9021054875297728 -0.27224737415513334
vn -0.3847389549669284 0.4243846025406384 -0.8196789893960806
vn -0.29081384287332607 -0.0823195096705693 -0.9532317698864456
vn -0.035072163795302834 -0.7148243134407467 -0.6984240432865128
vn -0.6238845193882135 0.7813247581352032 -0.017312677225207605
vn -0.9127565647073795 0.2037811616543234 -0.3540461717606867
vn -0.8188314526137769 -0.3029229505568845 -0.48759895225105165
vn -0.3241626321098661 -0.8356050428353162 -0.443489346356587
vn -0.6352984059135793 0.6764423560445604 0.37258780762734234
vn -0.9336037863958325 0.012215678438603328 0.35809879534515243
vn -0.8396786743022299 -0.4944884337726045 0.22454601485478753
vn -0.3355765186352318 -0.9404874449259591 -0.05358886150403734
vn -0.36234961072257593 0.6488969699482745 0.6690556643517384
vn -0.43506860030499017 -0.03809538512130855 0.8995910485665783
vn -0.34114348821138785 -0.5447994973325163 0.7660382680762132
vn -0.06262772344422861 -0.9680328310222449 0.24287899522035875
usemtl m_aeb473dc-abdd-ee05-74b0-2c651ba930e8
f 55/233/69 58/234/69 54/235/69
f 55/236/70 56/237/70 59/238/70 58/239/70
f 56/240/71 57/241/71 60/242/71 59/243/71
f 60/244/72 57/245/72 53/246/72
f 58/247/73 61/248/73 54/249/73
f 58/250/74 59/251/74 62/252/74 61/253/74
f 59/254/75 60/255/75 63/256/75 62/257/75
f 63/258/76 60/259/76 53/260/76
f 61/261/77 64/262/77 54/263/77
f 61/264/78 62/265/78 65/266/78 64/267/78
f 62/268/79 63/269/79 66/270/79 65/271/79
f 66/272/80 63/273/80 53/274/80
f 64/275/81 67/276/81 54/277/81
f 64/278/82 65/279/82 68/280/82 67/281/82
f 65/282/83 66/283/83 69/284/83 68/285/83
f 69/286/84 66/287/84 53/288/84
f 67/289/85 70/290/85 54/291/85
f 67/292/86 68/293/86 71/294/86 70/295/86
f 68/296/87 69/297/87 72/298/87 71/299/87
f 72/300/88 69/301/88 53/302/88
f 70/303/89 73/304/89 54/305/89
f 70/306/90 71/307/90 74/308/90 73/309/90
f 71/310/91 72/311/91 75/312/91 74/313/91
f 75/314/92 72/315/92 53/316/92
f 73/317/93 76/318/93 54/319/93
f 73/320/94 74/321/94 77/322/94 76/323/94
f 74/324/95 75/325/95 78/326/95 77/327/95
f 78/328/96 75/329/96 53/330/96
f 76/331/97 55/332/97 54/333/97
f 76/334/98 77/335/98 56/336/98 55/337/98
f 77/338/99 78/339/99 57/340/99 56/341/99
f 57/342/100 78/343/100 53/344/100
o sphere
v -0.21744096668745055 1.018473546310211 0.062499999999999986
v -0.28255903331254945 1.387776453689789 0.062499999999999986
v -0.23696727415765875 1.340050841772248 0.15088834764831843
v -0.19900990904652127 1.212115928783877 0.18749999999999997
v -0.190921847669294 1.0789142516522412 0.15088834764831843
v -0.18597718320418005 1.349041770556125 0.09911165235168154
v -0.12689903087347398 1.2248310222083663 0.11427669529663687
v -0.13993175671581523 1.0879051804361182 0.09911165235168155
v -0.18597718320418005 1.349041770556125 0.025888347648318433
v -0.12689903087347398 1.2248310222083663 0.010723304703363107
v -0.13993175671581523 1.0879051804361182 0.025888347648318426
v -0.23696727415765875 1.340050841772248 -0.02588834764831846
v -0.19900990904652127 1.212115928783877 -0.06250000000000003
v -0.19092184766929396 1.0789142516522412 -0.02588834764831846
v -0.309078152330706 1.3273357483477588 -0.02588834764831846
v -0.30099009095347873 1.194134071216123 -0.06250000000000003
v -0.2630327258423412 1.066199158227752 -0.025888347648318474
v -0.36006824328418474 1.3183448195638818 0.02588834764831837
v -0.373100969126526 1.1814189777916337 0.010723304703363024
v -0.31402281679581995 1.057208229443875 0.025888347648318363
v -0.36006824328418474 1.3183448195638818 0.09911165235168157
v -0.373100969126526 1.1814189777916337 0.1142766952966369
v -0.31402281679581995 1.057208229443875 0.09911165235168157
v -0.3090781523307061 1.3273357483477588 0.1508883476483184
v -0.30099009095347884 1.194134071216123 0.18749999999999997
v -0.26303272584234133 1.066199158227752 0.1508883476483184
vt 0.3287953125 0.51043046875
vt 0.3359317779242492 0.5161620094254311
vt 0.32421875 0.5234375
vt 0.0748890625 0.640625
vt 0.07299375 0.62343125
vt 0.0859375 0.62343125
vt 0.0840421875 0.640625
vt 0.07299375 0.62343125
vt 0.0748890625 0.6062375
vt 0.0840421875 0.6062375
vt 0.0859375 0.62343125
vt 0.5156192779242492 0.5697754905745689
vt 0.5084828125 0.57550703125
vt 0.50390625 0.5625
vt 0.4550618455219909 0.71875
vt 0.4570369720757508 0.709812518679054
vt 0.46875 0.7170880092536229
vt 0.0266734375 0.63595
vt 0.024778124999999998 0.61875625
vt 0.037721875 0.61875625
vt 0.0358265625 0.63595
vt 0.024778124999999998 0.61875625
vt 0.0266734375 0.6015625
vt 0.0358265625 0.6015625
vt 0.037721875 0.61875625
vt 0.4648494720757508 0.876124981320946
vt 0.4628743455219909 0.8671875
vt 0.4765625 0.8688494907463771
vt 0.4570369720757508 0.709812518679054
vt 0.4641734375 0.704080978003623
vt 0.46875 0.7170880092536229
vt 0.3612703125 0.807825
vt 0.359375 0.79063125
vt 0.37231875 0.79063125
vt 0.3704234375 0.807825
vt 0.359375 0.79063125
vt 0.3612703125 0.7734375
vt 0.3704234375 0.7734375
vt 0.37231875 0.79063125
vt 0.4719859375 0.881856521996377
vt 0.4648494720757508 0.876124981320946
vt 0.4765625 0.8688494907463771
vt 0.4641734375 0.704080978003623
vt 0.4733265625 0.704080978003623
vt 0.46875 0.7170880092536229
vt 0.3547984375 0.859375
vt 0.352903125 0.84218125
vt 0.365846875 0.84218125
vt 0.3639515625 0.859375
vt 0.352903125 0.84218125
vt 0.3547984375 0.8249875
vt 0.3639515625 0.8249875
vt 0.365846875 0.84218125
vt 0.4811390625 0.881856521996377
vt 0.4719859375 0.881856521996377
vt 0.4765625 0.8688494907463771
vt 0.4733265625 0.704080978003623
vt 0.4804630279242492 0.709812518679054
vt 0.46875 0.7170880092536229
vt 0.2233265625 0.63595
vt 0.22143125 0.61875625
vt 0.234375 0.61875625
vt 0.2324796875 0.63595
vt 0.22143125 0.61875625
vt 0.2233265625 0.6015625
vt 0.2324796875 0.6015625
vt 0.234375 0.61875625
vt 0.4882755279242492 0.876124981320946
vt 0.4811390625 0.881856521996377
vt 0.4765625 0.8688494907463771
vt 0.4804630279242492 0.709812518679054
vt 0.4824381544780091 0.71875
vt 0.46875 0.7170880092536229
vt 0.0501109375 0.63595
vt 0.048215625 0.61875625
vt 0.061159375 0.61875625
vt 0.0592640625 0.63595
vt 0.048215625 0.61875625
vt 0.0501109375 0.6015625
vt 0.0592640625 0.6015625
vt 0.061159375 0.61875625
vt 0.4902506544780091 0.8671875
vt 0.4882755279242492 0.876124981320946
vt 0.4765625 0.8688494907463771
vt 0.3125057220757508 0.5161620094254311
vt 0.3196421875 0.51043046875
vt 0.32421875 0.5234375
vt 0.3612703125 0.765625
vt 0.359375 0.74843125
vt 0.37231875 0.74843125
vt 0.3704234375 0.765625
vt 0.359375 0.74843125
vt 0.3612703125 0.7312375
vt 0.3704234375 0.7312375
vt 0.37231875 0.74843125
vt 0.4993296875 0.57550703125
vt 0.4921932220757508 0.5697754905745689
vt 0.50390625 0.5625
vt 0.3196421875 0.51043046875
vt 0.3287953125 0.51043046875
vt 0.32421875 0.5234375
vt 0.0032359375 0.640625
vt 0.0013406249999999998 0.62343125
vt 0.014284375 0.62343125
vt 0.0123890625 0.640625
vt 0.0013406249999999998 0.62343125
vt 0.0032359375 0.6062375
vt 0.0123890625 0.6062375
vt 0.014284375 0.62343125
vt 0.5084828125 0.57550703125
vt 0.4993296875 0.57550703125
vt 0.50390625 0.5625
vn 0.22000912900973196 0.9012969550536056 0.3731752697640589
vn 0.6250200458247458 0.3804942292151281 0.6815967164322452
vn 0.7174634157155316 -0.1437781737906823 0.6815967164322453
vn 0.515002668782403 -0.7716945439638178 0.3731752697640589
vn 0.3722350565845986 0.9281384932484271 0
vn 0.9030574743405266 0.4295197295092614 0
vn 0.9955008442313129 -0.09475267349654895 0
vn 0.6672285963572695 -0.744853005768996 0
vn 0.22000912900973202 0.9012969550536055 -0.37317526976405874
vn 0.6250200458247458 0.3804942292151282 -0.6815967164322451
vn 0.7174634157155317 -0.1437781737906823 -0.6815967164322452
vn 0.515002668782403 -0.7716945439638175 -0.3731752697640588
vn -0.14749676988633553 0.8364957495087118 -0.5277495276425703
vn -0.04622168494539305 0.26213620150290523 -0.9639233204474499
vn 0.04622168494539323 -0.26213620150290523 -0.9639233204474499
vn 0.14749676988633564 -0.8364957495087118 -0.5277495276425704
vn -0.5150026687824029 0.7716945439638176 -0.373175269764059
vn -0.7174634157155313 0.14377817379068253 -0.6815967164322456
vn -0.6250200458247455 -0.3804942292151281 -0.6815967164322455
vn -0.22000912900973174 -0.9012969550536056 -0.37317526976405896
vn -0.6672285963572695 0.744853005768996 -1.0002274535365933e-16
vn -0.9955008442313127 0.09475267349654914 0
vn -0.9030574743405266 -0.4295197295092614 0
vn -0.3722350565845986 -0.9281384932484272 0
vn -0.5150026687824031 0.7716945439638175 0.3731752697640587
vn -0.717463415715532 0.14377817379068242 0.6815967164322451
vn -0.6250200458247458 -0.3804942292151282 0.6815967164322451
vn -0.22000912900973202 -0.9012969550536057 0.3731752697640587
vn -0.14749676988633564 0.8364957495087118 0.5277495276425704
vn -0.04622168494539306 0.2621362015029053 0.9639233204474499
vn 0.04622168494539273 -0.2621362015029054 0.9639233204474499
vn 0.14749676988633534 -0.8364957495087118 0.5277495276425704
usemtl m_aeb473dc-abdd-ee05-74b0-2c651ba930e8
f 81/345/101 84/346/101 80/347/101
f 81/348/102 82/349/102 85/350/102 84/351/102
f 82/352/103 83/353/103 86/354/103 85/355/103
f 86/356/104 83/357/104 79/358/104
f 84/359/105 87/360/105 80/361/105
f 84/362/106 85/363/106 88/364/106 87/365/106
f 85/366/107 86/367/107 89/368/107 88/369/107
f 89/370/108 86/371/108 79/372/108
f 87/373/109 90/374/109 80/375/109
f 87/376/110 88/377/110 91/378/110 90/379/110
f 88/380/111 89/381/111 92/382/111 91/383/111
f 92/384/112 89/385/112 79/386/112
f 90/387/113 93/388/113 80/389/113
f 90/390/114 91/391/114 94/392/114 93/393/114
f 91/394/115 92/395/115 95/396/115 94/397/115
f 95/398/116 92/399/116 79/400/116
f 93/401/117 96/402/117 80/403/117
f 93/404/118 94/405/118 97/406/118 96/407/118
f 94/408/119 95/409/119 98/410/119 97/411/119
f 98/412/120 95/413/120 79/414/120
f 96/415/121 99/416/121 80/417/121
f 96/418/122 97/419/122 100/420/122 99/421/122
f 97/422/123 98/423/123 101/424/123 100/425/123
f 101/426/124 98/427/124 79/428/124
f 99/429/125 102/430/125 80/431/125
f 99/432/126 100/433/126 103/434/126 102/435/126
f 100/436/127 101/437/127 104/438/127 103/439/127
f 104/440/128 101/441/128 79/442/128
f 102/443/129 81/444/129 80/445/129
f 102/446/130 103/447/130 82/448/130 81/449/130
f 103/450/131 104/451/131 83/452/131 82/453/131
f 83/454/132 104/455/132 79/456/132
o sphere
v -0.14109343459576837 1.0191762008392988 -0.09244096668745058
v -0.10890656540423163 1.3870737991607012 -0.15755903331254945
v -0.07581018152171794 1.3452955974367518 -0.06097718320418005
v -0.07152852617311117 1.2202357879050387 -0.0018990308734740252
v -0.09856973499221793 1.0851527108814434 -0.014931756715815245
v -0.02501412325864656 1.3318262455157355 -0.11196727415765877
v 0.00030794833761829676 1.2011872477419614 -0.07400990904652129
v -0.047773676729146536 1.0716833589604273 -0.06592184766929397
v -0.026122316670163806 1.319159536860518 -0.18407815233070604
v -0.0012592738146818966 1.183273816571124 -0.17599009095347873
v -0.04888187014066378 1.0590166503052096 -0.13803272584234125
v -0.07848559708553535 1.314715457610697 -0.2350682432841848
v -0.07531213514844583 1.1769889394237663 -0.24810096912652602
v -0.10124515055603533 1.0545725710553886 -0.18902281679582
v -0.15143026500778206 1.3210972891185566 -0.2350682432841848
v -0.1784714738268888 1.1860142120949615 -0.24810096912652602
v -0.17418981847828205 1.0609544025632482 -0.18902281679582
v -0.20222632327085344 1.3345666410395727 -0.1840781523307061
v -0.25030794833761827 1.2050627522580386 -0.1759900909534788
v -0.22498587674135345 1.0744237544842645 -0.13803272584234133
v -0.2011181298593362 1.3472333496947904 -0.11196727415765875
v -0.24874072618531812 1.222976183428876 -0.07400990904652127
v -0.2238776833298362 1.087090463139482 -0.06592184766929396
v -0.14875484944396472 1.3516774289446114 -0.060977183204180066
v -0.17468786485155424 1.2292610605762337 -0.0018990308734740252
v -0.1715144029144647 1.091534542389303 -0.014931756715815273
vt 0.1412953125 0.50261796875
vt 0.1484317779242492 0.5083495094254311
vt 0.13671875 0.515625
vt 0.3873890625 0.765625
vt 0.38549375 0.74843125
vt 0.3984375 0.74843125
vt 0.3965421875 0.765625
vt 0.38549375 0.74843125
vt 0.3873890625 0.7312375
vt 0.3965421875 0.7312375
vt 0.3984375 0.74843125
vt 0.5156192779242492 0.5463379905745689
vt 0.5084828125 0.55206953125
vt 0.50390625 0.5390625
vt 0.4550618455219909 0.671875
vt 0.4570369720757508 0.662937518679054
vt 0.46875 0.6702130092536229
vt 0.3626109375 0.620325
vt 0.360715625 0.60313125
vt 0.373659375 0.60313125
vt 0.3717640625 0.620325
vt 0.360715625 0.60313125
vt 0.3626109375 0.5859375
vt 0.3717640625 0.5859375
vt 0.373659375 0.60313125
vt 0.4726619720757508 0.829249981320946
vt 0.4706868455219909 0.8203125
vt 0.484375 0.8219744907463771
vt 0.4570369720757508 0.662937518679054
vt 0.4641734375 0.657205978003623
vt 0.46875 0.6702130092536229
vt 0.3847078125 0.714075
vt 0.3828125 0.69688125
vt 0.39575625 0.69688125
vt 0.3938609375 0.714075
vt 0.3828125 0.69688125
vt 0.3847078125 0.6796875
vt 0.3938609375 0.6796875
vt 0.39575625 0.69688125
vt 0.4797984375 0.834981521996377
vt 0.4726619720757508 0.829249981320946
vt 0.484375 0.8219744907463771
vt 0.4641734375 0.657205978003623
vt 0.4733265625 0.657205978003623
vt 0.46875 0.6702130092536229
vt 0.3704234375 0.90625
vt 0.368528125 0.88905625
vt 0.381471875 0.88905625
vt 0.3795765625 0.90625
vt 0.368528125 0.88905625
vt 0.3704234375 0.8718625
vt 0.3795765625 0.8718625
vt 0.381471875 0.88905625
vt 0.4889515625 0.834981521996377
vt 0.4797984375 0.834981521996377
vt 0.484375 0.8219744907463771
vt 0.4733265625 0.657205978003623
vt 0.4804630279242492 0.662937518679054
vt 0.46875 0.6702130092536229
vt 0.3873890625 0.6672
vt 0.38549375 0.65000625
vt 0.3984375 0.65000625
vt 0.3965421875 0.6672
vt 0.38549375 0.65000625
vt 0.3873890625 0.6328125
vt 0.3965421875 0.6328125
vt 0.3984375 0.65000625
vt 0.4960880279242492 0.829249981320946
vt 0.4889515625 0.834981521996377
vt 0.484375 0.8219744907463771
vt 0.4804630279242492 0.662937518679054
vt 0.4824381544780091 0.671875
vt 0.46875 0.6702130092536229
vt 0.3860484375 0.807825
vt 0.384153125 0.79063125
vt 0.397096875 0.79063125
vt 0.3952015625 0.807825
vt 0.384153125 0.79063125
vt 0.3860484375 0.7734375
vt 0.3952015625 0.7734375
vt 0.397096875 0.79063125
vt 0.4980631544780091 0.8203125
vt 0.4960880279242492 0.829249981320946
vt 0.484375 0.8219744907463771
vt 0.1250057220757508 0.5083495094254311
vt 0.1321421875 0.50261796875
vt 0.13671875 0.515625
vt 0.3378328125 0.6171875
vt 0.3359375 0.59999375
vt 0.34888125 0.59999375
vt 0.3469859375 0.6171875
vt 0.3359375 0.59999375
vt 0.3378328125 0.5828
vt 0.3469859375 0.5828
vt 0.34888125 0.59999375
vt 0.4993296875 0.55206953125
vt 0.4921932220757508 0.5463379905745689
vt 0.50390625 0.5390625
vt 0.1321421875 0.50261796875
vt 0.1412953125 0.50261796875
vt 0.13671875 0.515625
vt 0.3782359375 0.859375
vt 0.376340625 0.84218125
vt 0.389284375 0.84218125
vt 0.3873890625 0.859375
vt 0.376340625 0.84218125
vt 0.3782359375 0.8249875
vt 0.3873890625 0.8249875
vt 0.389284375 0.84218125
vt 0.5084828125 0.55206953125
vt 0.4993296875 0.55206953125
vt 0.50390625 0.5390625
vn 0.45030843075181204 0.8653428802192918 0.22000912900973194
vn 0.712165292304988 0.3196412657235986 0.6250200458247455
vn 0.6664719416189169 -0.20263612250660856 0.7174634157155317
vn 0.3044976140444304 -0.8012823810544267 0.515002668782403
vn 0.5986466897116427 0.7873162285704454 -0.14749676988633556
vn 0.9831019765397758 0.1771272411697173 -0.04622168494539306
vn 0.9374086258537048 -0.34515014706049 0.046221684945393054
vn 0.4528358730042611 -0.8793090327032734 0.14749676988633556
vn 0.4390128363513943 0.7362336454317384 -0.515002668782403
vn 0.6915341286741747 0.08382598635657412 -0.7174634157155315
vn 0.6458407779881036 -0.43845140187363324 -0.6250200458247456
vn 0.2932020196440127 -0.9303916158419805 -0.22000912900973188
vn 0.06491821695562257 0.7420186152047743 -0.6672285963572695
vn 0.008258239635918076 0.0943921109672804 -0.9955008442313129
vn -0.03743511105015273 -0.42788527726292686 -0.9030574743405266
vn -0.08089259975175887 -0.9246066460689445 -0.3722350565845985
vn -0.3044976140444303 0.8012823810544268 -0.5150026687824032
vn -0.6664719416189164 0.20263612250660862 -0.7174634157155321
vn -0.7121652923049877 -0.3196412657235987 -0.6250200458247458
vn -0.4503084307518118 -0.865342880219292 -0.220009129009732
vn -0.4528358730042611 0.8793090327032734 -0.14749676988633567
vn -0.9374086258537048 0.34515014706049024 -0.04622168494539309
vn -0.9831019765397758 -0.17712724116971734 0.04622168494539307
vn -0.5986466897116426 -0.7873162285704453 0.14749676988633553
vn -0.2932020196440128 0.9303916158419805 0.22000912900973177
vn -0.6458407779881037 0.4384514018736333 0.6250200458247454
vn -0.6915341286741747 -0.08382598635657412 0.7174634157155315
vn -0.4390128363513943 -0.7362336454317384 0.5150026687824029
vn 0.08089259975175887 0.9246066460689445 0.3722350565845985
vn 0.0374351110501529 0.42788527726292686 0.9030574743405266
vn -0.008258239635918428 -0.09439211096728042 0.9955008442313127
vn -0.06491821695562275 -0.7420186152047742 0.6672285963572696
usemtl m_aeb473dc-abdd-ee05-74b0-2c651ba930e8
f 107/457/133 110/458/133 106/459/133
f 107/460/134 108/461/134 111/462/134 110/463/134
f 108/464/135 109/465/135 112/466/135 111/467/135
f 112/468/136 109/469/136 105/470/136
f 110/471/137 113/472/137 106/473/137
f 110/474/138 111/475/138 114/476/138 113/477/138
f 111/478/139 112/479/139 115/480/139 114/481/139
f 115/482/140 112/483/140 105/484/140
f 113/485/141 116/486/141 106/487/141
f 113/488/142 114/489/142 117/490/142 116/491/142
f 114/492/143 115/493/143 118/494/143 117/495/143
f 118/496/144 115/497/144 105/498/144
f 116/499/145 119/500/145 106/501/145
f 116/502/146 117/503/146 120/504/146 119/505/146
f 117/506/147 118/507/147 121/508/147 120/509/147
f 121/510/148 118/511/148 105/512/148
f 119/513/149 122/514/149 106/515/149
f 119/516/150 120/517/150 123/518/150 122/519/150
f 120/520/151 121/521/151 124/522/151 123/523/151
f 124/524/152 121/525/152 105/526/152
f 122/527/153 125/528/153 106/529/153
f 122/530/154 123/531/154 126/532/154 125/533/154
f 123/534/155 124/535/155 127/536/155 126/537/155
f 127/538/156 124/539/156 105/540/156
f 125/541/157 128/542/157 106/543/157
f 125/544/158 126/545/158 129/546/158 128/547/158
f 126/548/159 127/549/159 130/550/159 129/551/159
f 130/552/160 127/553/160 105/554/160
f 128/555/161 107/556/161 106/557/161
f 128/558/162 129/559/162 108/560/162 107/561/162
f 129/562/163 130/563/163 109/564/163 108/565/163
f 109/566/164 130/567/164 105/568/164
o sphere
v -0.1413417017651859 1.0227030899564267 0.17334390509305617
v -0.1086582982348141 1.3835469100435733 0.0766560949069438
v -0.07697233790458552 1.350496955866734 0.17701815438462323
v -0.0734203306607785 1.231118508656611 0.2469086845134078
v -0.10008299417316777 1.095341843733854 0.24538676062530101
v -0.025392668565364054 1.33273728905029 0.12817366342497624
v -0.00047566273853180685 1.2060025469815685 0.177832142951065
v -0.04850332483394629 1.07758217691741 0.196542269665654
v -0.025392668565364054 1.3137857032477147 0.057445382325764016
v -0.00047566273853180685 1.179200957311089 0.07780724857722242
v -0.04850332483394629 1.0586305911148348 0.12581398856644177
v -0.07697233790458552 1.304743780393679 0.006264978911568395
v -0.0734203306607785 1.1664137473809808 0.005427227941140728
v -0.10008299417316775 1.049588668260799 0.07463358515224615
v -0.1499170058268322 1.310908156266146 0.004613239374698971
v -0.17657966933922148 1.175131491343389 0.003091315486592125
v -0.17302766209541448 1.055753044133266 0.07298184561537671
v -0.20149667516605368 1.32866782308259 0.05345773033434592
v -0.2495243372614682 1.2002474530184315 0.07216785704893489
v -0.22460733143463596 1.07351271094971 0.12182633657502367
v -0.20149667516605368 1.3476194088851652 0.12418601143355823
v -0.2495243372614682 1.227049042688911 0.17219275142277757
v -0.22460733143463596 1.0924642967522853 0.19255461767423598
v -0.1499170058268323 1.356661331739201 0.17536641484775378
v -0.17657966933922156 1.2398362526190192 0.2445727720588592
v -0.17302766209541454 1.101506219606321 0.24373502108843154
vt 0.5084828125 0.70574296875
vt 0.5156192779242492 0.7114745094254311
vt 0.50390625 0.71875
vt 0.0514515625 0.59375
vt 0.049556249999999996 0.57655625
vt 0.0625 0.57655625
vt 0.060604687500000004 0.59375
vt 0.049556249999999996 0.57655625
vt 0.0514515625 0.5593625
vt 0.060604687500000004 0.5593625
vt 0.0625 0.57655625
vt 0.023431777924249192 0.4916504905745689
vt 0.0162953125 0.49738203125
vt 0.011718749999999997 0.484375
vt 0.4550618455219909 0.625
vt 0.4570369720757508 0.616062518679054
vt 0.46875 0.6233380092536229
vt 0.0032359375 0.589075
vt 0.0013406249999999998 0.57188125
vt 0.014284375 0.57188125
vt 0.0123890625 0.589075
vt 0.0013406249999999998 0.57188125
vt 0.0032359375 0.5546875
vt 0.0123890625 0.5546875
vt 0.014284375 0.57188125
vt 0.3945369720757508 0.524562481320946
vt 0.3925618455219909 0.515625
vt 0.40625 0.5172869907463771
vt 0.4570369720757508 0.616062518679054
vt 0.4641734375 0.610330978003623
vt 0.46875 0.6233380092536229
vt 0.0722078125 0.589075
vt 0.0703125 0.57188125
vt 0.08325625 0.57188125
vt 0.08136093750000001 0.589075
vt 0.0703125 0.57188125
vt 0.0722078125 0.5546875
vt 0.08136093750000001 0.5546875
vt 0.08325625 0.57188125
vt 0.4016734375 0.530294021996377
vt 0.3945369720757508 0.524562481320946
vt 0.40625 0.5172869907463771
vt 0.4641734375 0.610330978003623
vt 0.4733265625 0.610330978003623
vt 0.46875 0.6233380092536229
vt 0.1907359375 0.609375
vt 0.188840625 0.59218125
vt 0.201784375 0.59218125
vt 0.1998890625 0.609375
vt 0.188840625 0.59218125
vt 0.1907359375 0.5749875
vt 0.1998890625 0.5749875
vt 0.201784375 0.59218125
vt 0.4108265625 0.530294021996377
vt 0.4016734375 0.530294021996377
vt 0.40625 0.5172869907463771
vt 0.4733265625 0.610330978003623
vt 0.4804630279242492 0.616062518679054
vt 0.46875 0.6233380092536229
vt 0.4108265625 0.807825
vt 0.40893125 0.79063125
vt 0.421875 0.79063125
vt 0.4199796875 0.807825
vt 0.40893125 0.79063125
vt 0.4108265625 0.7734375
vt 0.4199796875 0.7734375
vt 0.421875 0.79063125
vt 0.4179630279242492 0.524562481320946
vt 0.4108265625 0.530294021996377
vt 0.40625 0.5172869907463771
vt 0.4804630279242492 0.616062518679054
vt 0.4824381544780091 0.625
vt 0.46875 0.6233380092536229
vt 0.0266734375 0.589075
vt 0.024778124999999998 0.57188125
vt 0.037721875 0.57188125
vt 0.0358265625 0.589075
vt 0.024778124999999998 0.57188125
vt 0.0266734375 0.5546875
vt 0.0358265625 0.5546875
vt 0.037721875 0.57188125
vt 0.4199381544780091 0.515625
vt 0.4179630279242492 0.524562481320946
vt 0.40625 0.5172869907463771
vt 0.4921932220757508 0.7114745094254311
vt 0.4993296875 0.70574296875
vt 0.50390625 0.71875
vt 0.2128328125 0.59375
vt 0.2109375 0.57655625
vt 0.22388125 0.57655625
vt 0.2219859375 0.59375
vt 0.2109375 0.57655625
vt 0.2128328125 0.5593625
vt 0.2219859375 0.5593625
vt 0.22388125 0.57655625
vt 0.0071421875 0.49738203125
vt 0.0000057220757508080755 0.4916504905745689
vt 0.011718750000000003 0.484375
vt 0.4993296875 0.70574296875
vt 0.5084828125 0.70574296875
vt 0.50390625 0.71875
vt 0.4016734375 0.859375
vt 0.399778125 0.84218125
vt 0.412721875 0.84218125
vt 0.4108265625 0.859375
vt 0.399778125 0.84218125
vt 0.4016734375 0.8249875
vt 0.4108265625 0.8249875
vt 0.412721875 0.84218125
vt 0.0162953125 0.49738203125
vt 0.0071421875 0.49738203125
vt 0.01171875 0.484375
vn 0.4457853169906474 0.8825040919655711 0.14987320914550123
vn 0.702202157282978 0.375161148690225 0.6051167183449511
vn 0.6558039130101135 -0.13710250503844906 0.7423773506733659
vn 0.29772513340517737 -0.752166611718557 0.5878819040884785
vn 0.5997713731506867 0.7729062391697388 -0.20709960261050775
vn 0.9834544233331723 0.17498299476031953 -0.046886552135207024
vn 0.9370561790603082 -0.33728065896835463 0.09037408019320756
vn 0.45171118956521683 -0.8617644645143893 0.23090909233246956
vn 0.4457853169906474 0.6893343580131525 -0.5710460524494878
vn 0.702202157282978 0.02234072610621035 -0.7116270246865132
vn 0.6558039130101136 -0.48992292762246387 -0.5743663923580988
vn 0.2977251334051775 -0.9453363456709756 -0.13303735750651052
vn 0.07403009179273493 0.6807437230443076 -0.7287712460333039
vn 0.023199122136432118 0.006650113514076905 -0.9997087459467127
vn -0.023199122136431955 -0.5056135402145974 -0.8624481136182982
vn -0.07403009179273483 -0.9539269806398205 -0.29076255109032667
vn -0.2977251334051773 0.7521666117185568 -0.5878819040884786
vn -0.6558039130101132 0.13710250503844915 -0.7423773506733662
vn -0.7022021572829777 -0.3751611486902252 -0.6051167183449514
vn -0.44578531699064705 -0.8825040919655712 -0.14987320914550123
vn -0.4517111895652167 0.861764464514389 -0.2309090923324696
vn -0.937056179060308 0.3372806589683548 -0.0903740801932076
vn -0.9834544233331723 -0.1749829947603196 0.04688655213520704
vn -0.5997713731506867 -0.7729062391697389 0.20709960261050778
vn -0.2977251334051776 0.9453363456709757 0.1330373575065104
vn -0.6558039130101138 0.4899229276224639 0.5743663923580985
vn -0.702202157282978 -0.02234072610621035 0.7116270246865132
vn -0.4457853169906474 -0.6893343580131526 0.5710460524494877
vn 0.07403009179273483 0.9539269806398205 0.29076255109032667
vn 0.023199122136432125 0.5056135402145974 0.8624481136182982
vn -0.023199122136432472 -0.006650113514076961 0.9997087459467127
vn -0.0740300917927351 -0.6807437230443075 0.7287712460333039
usemtl m_aeb473dc-abdd-ee05-74b0-2c651ba930e8
f 133/569/165 136/570/165 132/571/165
f 133/572/166 134/573/166 137/574/166 136/575/166
f 134/576/167 135/577/167 138/578/167 137/579/167
f 138/580/168 135/581/168 131/582/168
f 136/583/169 139/584/169 132/585/169
f 136/586/170 137/587/170 140/588/170 139/589/170
f 137/590/171 138/591/171 141/592/171 140/593/171
f 141/594/172 138/595/172 131/596/172
f 139/597/173 142/598/173 132/599/173
f 139/600/174 140/601/174 143/602/174 142/603/174
f 140/604/175 141/605/175 144/606/175 143/607/175
f 144/608/176 141/609/176 131/610/176
f 142/611/177 145/612/177 132/613/177
f 142/614/178 143/615/178 146/616/178 145/617/178
f 143/618/179 144/619/179 147/620/179 146/621/179
f 147/622/180 144/623/180 131/624/180
f 145/625/181 148/626/181 132/627/181
f 145/628/182 146/629/182 149/630/182 148/631/182
f 146/632/183 147/633/183 150/634/183 149/635/183
f 150/636/184 147/637/184 131/638/184
f 148/639/185 151/640/185 132/641/185
f 148/642/186 149/643/186 152/644/186 151/645/186
f 149/646/187 150/647/187 153/648/187 152/649/187
f 153/650/188 150/651/188 131/652/188
f 151/653/189 154/654/189 132/655/189
f 151/656/190 152/657/190 155/658/190 154/659/190
f 152/660/191 153/661/191 156/662/191 155/663/191
f 156/664/192 153/665/192 131/666/192
f 154/667/193 133/668/193 132/669/193
f 154/670/194 155/671/194 134/672/194 133/673/194
f 155/674/195 156/675/195 135/676/195 134/677/195
f 135/678/196 156/679/196 131/680/196
o sphere
v 0.2800648636390457 1.0191762008392988 0.10865829823481407
v 0.3449351363609543 1.3870737991607012 0.1413417017651859
v 0.37015283617415606 1.3192523787419095 0.22460733143463593
v 0.36159828646581144 1.1834051148189442 0.24952433726146817
v 0.32428262643507383 1.059109492186601 0.20149667516605368
v 0.42192653820378484 1.3147055292078536 0.17302766209541448
v 0.4348173580503759 1.1769748985418127 0.17657966933922148
v 0.3760563284647026 1.0545626426525454 0.14991700582683223
v 0.4230347316153021 1.3209904063552114 0.10008299417316777
v 0.4363845802026761 1.1858630570414548 0.07342033066077851
v 0.37716452187621985 1.0608475197999032 0.0769723379045855
v 0.37282825173797346 1.3344254143889094 0.048503324833946274
v 0.3653818954411461 1.204863027613302 0.0004756627385317791
v 0.3269580419988912 1.0742825278336012 0.025392668565364027
v 0.3007173735649262 1.347140507813399 0.048503324833946274
v 0.2634017135341886 1.2228448851810558 0.0004756627385317791
v 0.25484716382584394 1.0869976212580905 0.025392668565364013
v 0.2489436715352974 1.3516873573474546 0.1000829941731677
v 0.1901826419496241 1.2292751014581873 0.07342033066077842
v 0.20307346179621516 1.0915444707921464 0.07697233790458544
v 0.24783547812378015 1.3454024802000968 0.17302766209541448
v 0.1886154197973239 1.2203869429585452 0.17657966933922148
v 0.20196526838469792 1.0852595936447886 0.14991700582683223
v 0.2980419580011087 1.3319674721663988 0.2246073314346359
v 0.25961810455885387 1.2013869723866981 0.24952433726146817
v 0.2521717482620265 1.0718245856110906 0.20149667516605368
vt 0.5084828125 0.68230546875
vt 0.5156192779242492 0.6880370094254311
vt 0.50390625 0.6953125
vt 0.4108265625 0.71875
vt 0.40893125 0.70155625
vt 0.421875 0.70155625
vt 0.4199796875 0.71875
vt 0.40893125 0.70155625
vt 0.4108265625 0.6843625
vt 0.4199796875 0.6843625
vt 0.421875 0.70155625
vt 0.5234317779242492 0.9916504905745689
vt 0.5162953125 0.99738203125
vt 0.51171875 0.984375
vt 0.4550618455219909 0.6015625
vt 0.4570369720757508 0.592625018679054
vt 0.46875 0.5999005092536229
vt 0.2610484375 0.589075
vt 0.259153125 0.57188125
vt 0.272096875 0.57188125
vt 0.2702015625 0.589075
vt 0.259153125 0.57188125
vt 0.2610484375 0.5546875
vt 0.2702015625 0.5546875
vt 0.272096875 0.57188125
vt 0.4335994720757508 0.524562481320946
vt 0.4316243455219909 0.515625
vt 0.4453125 0.5172869907463771
vt 0.4570369720757508 0.592625018679054
vt 0.4641734375 0.586893478003623
vt 0.46875 0.5999005092536229
vt 0.3065828125 0.589075
vt 0.3046875 0.57188125
vt 0.31763125 0.57188125
vt 0.3157359375 0.589075
vt 0.3046875 0.57188125
vt 0.3065828125 0.5546875
vt 0.3157359375 0.5546875
vt 0.31763125 0.57188125
vt 0.4407359375 0.530294021996377
vt 0.4335994720757508 0.524562481320946
vt 0.4453125 0.5172869907463771
vt 0.4641734375 0.586893478003623
vt 0.4733265625 0.586893478003623
vt 0.46875 0.5999005092536229
vt 0.2376109375 0.59375
vt 0.235715625 0.57655625
vt 0.248659375 0.57655625
vt 0.2467640625 0.59375
vt 0.235715625 0.57655625
vt 0.2376109375 0.5593625
vt 0.2467640625 0.5593625
vt 0.248659375 0.57655625
vt 0.4498890625 0.530294021996377
vt 0.4407359375 0.530294021996377
vt 0.4453125 0.5172869907463771
vt 0.4733265625 0.586893478003623
vt 0.4804630279242492 0.592625018679054
vt 0.46875 0.5999005092536229
vt 0.4108265625 0.6672
vt 0.40893125 0.65000625
vt 0.421875 0.65000625
vt 0.4199796875 0.6672
vt 0.40893125 0.65000625
vt 0.4108265625 0.6328125
vt 0.4199796875 0.6328125
vt 0.421875 0.65000625
vt 0.4570255279242492 0.524562481320946
vt 0.4498890625 0.530294021996377
vt 0.4453125 0.5172869907463771
vt 0.4804630279242492 0.592625018679054
vt 0.4824381544780091 0.6015625
vt 0.46875 0.5999005092536229
vt 0.2844859375 0.589075
vt 0.282590625 0.57188125
vt 0.295534375 0.57188125
vt 0.2936390625 0.589075
vt 0.282590625 0.57188125
vt 0.2844859375 0.5546875
vt 0.2936390625 0.5546875
vt 0.295534375 0.57188125
vt 0.4590006544780091 0.515625
vt 0.4570255279242492 0.524562481320946
vt 0.4453125 0.5172869907463771
vt 0.4921932220757508 0.6880370094254311
vt 0.4993296875 0.68230546875
vt 0.50390625 0.6953125
vt 0.4081453125 0.625
vt 0.40625 0.60780625
vt 0.41919375 0.60780625
vt 0.4172984375 0.625
vt 0.40625 0.60780625
vt 0.4081453125 0.5906125
vt 0.4172984375 0.5906125
vt 0.41919375 0.60780625
vt 0.5071421875 0.99738203125
vt 0.5000057220757508 0.9916504905745689
vt 0.51171875 0.984375
vt 0.4993296875 0.68230546875
vt 0.5084828125 0.68230546875
vt 0.50390625 0.6953125
vt 0.4094859375 0.765625
vt 0.407590625 0.74843125
vt 0.420534375 0.74843125
vt 0.4186390625 0.765625
vt 0.407590625 0.74843125
vt 0.4094859375 0.7312375
vt 0.4186390625 0.7312375
vt 0.420534375 0.74843125
vt 0.5162953125 0.99738203125
vt 0.5071421875 0.99738203125
vt 0.51171875 0.984375
vn 0.5087936018422843 0.7364811755095328 0.4457853169906473
vn 0.7069719464341996 0.08427809479438568 0.7022021572829777
vn 0.6148803514752643 -0.4379992934358215 0.6558039130101136
vn 0.21492260154943285 -0.930144085764186 0.2977251334051775
vn 0.6666673266173598 0.7416698868971436 0.07403009179273493
vn 0.9953249567653875 0.09375516610874746 0.02319912213643212
vn 0.9032333618064521 -0.42852222212145974 -0.023199122136432118
vn 0.3727963263245083 -0.9249553743765749 -0.07403009179273491
vn 0.5200891962427021 0.8005416746743977 -0.2977251334051773
vn 0.7276031100650131 0.2012832380113758 -0.6558039130101134
vn 0.6355115151060777 -0.32099415021883143 -0.7022021572829777
vn 0.22621819594985068 -0.8660835865993207 -0.44578531699064716
vn 0.15492269154449392 0.8786102440025307 -0.45171118956521683
vn 0.06063423318658502 0.3438738243175405 -0.9370561790603081
vn -0.03145736177235002 -0.1784035639126669 -0.9834544233331722
vn -0.13894830874835737 -0.7880150172711882 -0.5997713731506867
vn -0.21492260154943277 0.9301440857641858 -0.2977251334051776
vn -0.614880351475264 0.43799929343582167 -0.655803913010114
vn -0.7069719464341992 -0.08427809479438571 -0.7022021572829781
vn -0.5087936018422841 -0.7364811755095331 -0.4457853169906474
vn -0.3727963263245083 0.9249553743765749 0.07403009179273481
vn -0.9032333618064521 0.42852222212145996 0.023199122136432136
vn -0.9953249567653872 -0.09375516610874748 -0.023199122136432125
vn -0.6666673266173598 -0.7416698868971436 -0.07403009179273491
vn -0.22621819594985074 0.8660835865993207 0.44578531699064705
vn -0.635511515106078 0.3209941502188316 0.7022021572829776
vn -0.7276031100650131 -0.2012832380113758 0.6558039130101134
vn -0.5200891962427021 -0.800541674674398 0.29772513340517726
vn 0.13894830874835737 0.7880150172711882 0.5997713731506867
vn 0.03145736177235019 0.17840356391266685 0.9834544233331722
vn -0.06063423318658538 -0.34387382431754054 0.9370561790603081
vn -0.1549226915444941 -0.8786102440025305 0.45171118956521683
usemtl m_aeb473dc-abdd-ee05-74b0-2c651ba930e8
f 159/681/197 162/682/197 158/683/197
f 159/684/198 160/685/198 163/686/198 162/687/198
f 160/688/199 161/689/199 164/690/199 163/691/199
f 164/692/200 161/693/200 157/694/200
f 162/695/201 165/696/201 158/697/201
f 162/698/202 163/699/202 166/700/202 165/701/202
f 163/702/203 164/703/203 167/704/203 166/705/203
f 167/706/204 164/707/204 157/708/204
f 165/709/205 168/710/205 158/711/205
f 165/712/206 166/713/206 169/714/206 168/715/206
f 166/716/207 167/717/207 170/718/207 169/719/207
f 170/720/208 167/721/208 157/722/208
f 168/723/209 171/724/209 158/725/209
f 168/726/210 169/727/210 172/728/210 171/729/210
f 169/730/211 170/731/211 173/732/211 172/733/211
f 173/734/212 170/735/212 157/736/212
f 171/737/213 174/738/213 158/739/213
f 171/740/214 172/741/214 175/742/214 174/743/214
f 172/744/215 173/745/215 176/746/215 175/747/215
f 176/748/216 173/749/216 157/750/216
f 174/751/217 177/752/217 158/753/217
f 174/754/218 175/755/218 178/756/218 177/757/218
f 175/758/219 176/759/219 179/760/219 178/761/219
f 179/762/220 176/763/220 157/764/220
f 177/765/221 180/766/221 158/767/221
f 177/768/222 178/769/222 181/770/222 180/771/222
f 178/772/223 179/773/223 182/774/223 181/775/223
f 182/776/224 179/777/224 157/778/224
f 180/779/225 159/780/225 158/781/225
f 180/782/226 181/783/226 160/784/226 159/785/226
f 181/786/227 182/787/227 161/788/227 160/789/227
f 161/790/228 182/791/228 157/792/228
o sphere
v 0.25686946862780263 1.017936478559207 -0.04615829823481411
v 0.30563053137219737 1.388313521440793 -0.07884170176518593
v 0.33579358897350603 1.3369319268698332 0.013996675166053685
v 0.3340057518946385 1.2071680492779902 0.062024337261468165
v 0.3013143108490818 1.0750358082524432 0.037107331434635946
v 0.3865383102265148 1.3256996818808484 -0.03758299417316778
v 0.4057696249094857 1.1912832560786706 -0.010920330660778528
v 0.35205903210209055 1.0638035632634584 -0.014472337904585526
v 0.3857053140604039 1.3193724478262272 -0.11052766209541448
v 0.4045915904339669 1.1823351958663166 -0.11407966933922149
v 0.3512260359359797 1.0574763292088374 -0.08741700582683225
v 0.33378255833187637 1.3216566326028583 -0.16210733143463596
v 0.3311617250868979 1.1855655209563942 -0.18702433726146822
v 0.2993032802074521 1.0597605139854682 -0.13899667516605374
v 0.2611856891509182 1.3312141917475568 -0.16210733143463596
v 0.22849424810536156 1.1990819507220098 -0.18702433726146822
v 0.22670641102649397 1.0693180731301668 -0.13899667516605374
v 0.21044096789790948 1.3424464367365416 -0.11052766209541455
v 0.1567303750905143 1.2149667439213294 -0.11407966933922158
v 0.1759616897734852 1.0805503181191516 -0.08741700582683232
v 0.21127396406402033 1.3487736707911626 -0.037582994173167766
v 0.15790840956603308 1.2239148041336834 -0.010920330660778507
v 0.17679468593959607 1.0868775521737728 -0.014472337904585512
v 0.26319671979254783 1.3464894860145318 0.013996675166053671
v 0.23133827491310202 1.2206844790436058 0.062024337261468165
v 0.22871744166812358 1.0845933673971417 0.03710733143463592
vt 0.5084828125 0.65886796875
vt 0.5156192779242492 0.6645995094254311
vt 0.50390625 0.671875
vt 0.3639515625 0.578125
vt 0.36205625 0.56093125
vt 0.375 0.56093125
vt 0.3731046875 0.578125
vt 0.36205625 0.56093125
vt 0.3639515625 0.5437375
vt 0.3731046875 0.5437375
vt 0.375 0.56093125
vt 0.5234317779242492 0.9682129905745689
vt 0.5162953125 0.97394453125
vt 0.51171875 0.9609375
vt 0.4550618455219909 0.578125
vt 0.4570369720757508 0.569187518679054
vt 0.46875 0.5764630092536229
vt 0.4172984375 0.901575
vt 0.415403125 0.88438125
vt 0.428346875 0.88438125
vt 0.4264515625 0.901575
vt 0.415403125 0.88438125
vt 0.4172984375 0.8671875
vt 0.4264515625 0.8671875
vt 0.428346875 0.88438125
vt 0.4726619720757508 0.524562481320946
vt 0.4706868455219909 0.515625
vt 0.484375 0.5172869907463771
vt 0.4570369720757508 0.569187518679054
vt 0.4641734375 0.563455978003623
vt 0.46875 0.5764630092536229
vt 0.3847078125 0.57345
vt 0.3828125 0.55625625
vt 0.39575625 0.55625625
vt 0.3938609375 0.57345
vt 0.3828125 0.55625625
vt 0.3847078125 0.5390625
vt 0.3938609375 0.5390625
vt 0.39575625 0.55625625
vt 0.4797984375 0.530294021996377
vt 0.4726619720757508 0.524562481320946
vt 0.484375 0.5172869907463771
vt 0.4641734375 0.563455978003623
vt 0.4733265625 0.563455978003623
vt 0.46875 0.5764630092536229
vt 0.4172984375 1
vt 0.415403125 0.98280625
vt 0.428346875 0.98280625
vt 0.4264515625 1
vt 0.415403125 0.98280625
vt 0.4172984375 0.9656125
vt 0.4264515625 0.9656125
vt 0.428346875 0.98280625
vt 0.4889515625 0.530294021996377
vt 0.4797984375 0.530294021996377
vt 0.484375 0.5172869907463771
vt 0.4733265625 0.563455978003623
vt 0.4804630279242492 0.569187518679054
vt 0.46875 0.5764630092536229
vt 0.4108265625 0.57345
vt 0.40893125 0.55625625
vt 0.421875 0.55625625
vt 0.4199796875 0.57345
vt 0.40893125 0.55625625
vt 0.4108265625 0.5390625
vt 0.4199796875 0.5390625
vt 0.421875 0.55625625
vt 0.4960880279242492 0.524562481320946
vt 0.4889515625 0.530294021996377
vt 0.484375 0.5172869907463771
vt 0.4804630279242492 0.569187518679054
vt 0.4824381544780091 0.578125
vt 0.46875 0.5764630092536229
vt 0.4251109375 0.8547
vt 0.423215625 0.83750625
vt 0.436159375 0.83750625
vt 0.4342640625 0.8547
vt 0.423215625 0.83750625
vt 0.4251109375 0.8203125
vt 0.4342640625 0.8203125
vt 0.436159375 0.83750625
vt 0.4980631544780091 0.515625
vt 0.4960880279242492 0.524562481320946
vt 0.484375 0.5172869907463771
vt 0.4921932220757508 0.6645995094254311
vt 0.4993296875 0.65886796875
vt 0.50390625 0.671875
vt 0.4315828125 0.8125
vt 0.4296875 0.79530625
vt 0.44263125 0.79530625
vt 0.4407359375 0.8125
vt 0.4296875 0.79530625
vt 0.4315828125 0.7781125
vt 0.4407359375 0.7781125
vt 0.44263125 0.79530625
vt 0.5071421875 0.97394453125
vt 0.5000057220757508 0.9682129905745689
vt 0.51171875 0.9609375
vt 0.4993296875 0.65886796875
vt 0.5084828125 0.65886796875
vt 0.50390625 0.671875
vt 0.4172984375 0.953125
vt 0.415403125 0.93593125
vt 0.428346875 0.93593125
vt 0.4264515625 0.953125
vt 0.415403125 0.93593125
vt 0.4172984375 0.9187375
vt 0.4264515625 0.9187375
vt 0.428346875 0.93593125
vt 0.5162953125 0.97394453125
vt 0.5071421875 0.97394453125
vt 0.51171875 0.9609375
vn 0.48467504916049203 0.8224657085010562 0.2977251334051775
vn 0.7181307415989128 0.23282926287565175 0.6558039130101134
vn 0.6489082171419209 -0.2929680119617596 0.7022021572829777
vn 0.26378092180778984 -0.8553917678150644 0.44578531699064733
vn 0.6336816209500334 0.7700436018689447 -0.07403009179273491
vn 0.9902880850445008 0.13708139680859152 -0.023199122136432118
vn 0.9210655605875092 -0.3887158780288198 0.02319912213643211
vn 0.41278749359733125 -0.9078138744471759 0.07403009179273493
vn 0.4761844853909338 0.7579734738290781 -0.4457853169906472
vn 0.7026229069301028 0.11503556391057726 -0.7022021572829776
vn 0.6334003824731111 -0.4107617109268342 -0.6558039130101134
vn 0.2552903580382315 -0.9198840024870423 -0.29772513340517737
vn 0.10444332845879954 0.7933258416876305 -0.5997713731506866
vn 0.023645567172660486 0.17960591409945467 -0.9834544233331725
vn -0.04557695728433097 -0.3461913607379568 -0.9370561790603081
vn -0.1164507988939025 -0.8845316346284902 -0.45171118956521694
vn -0.2637809218077897 0.8553917678150643 -0.44578531699064744
vn -0.6489082171419206 0.2929680119617597 -0.7022021572829782
vn -0.7181307415989124 -0.2328292628756518 -0.6558039130101138
vn -0.4846750491604918 -0.8224657085010563 -0.29772513340517753
vn -0.41278749359733125 0.9078138744471759 -0.07403009179273502
vn -0.9210655605875091 0.38871587802882 -0.02319912213643213
vn -0.9902880850445008 -0.13708139680859158 0.023199122136432125
vn -0.6336816209500334 -0.7700436018689447 0.07403009179273493
vn -0.2552903580382316 0.9198840024870424 0.29772513340517726
vn -0.6334003824731113 0.41076171092683433 0.6558039130101132
vn -0.7026229069301028 -0.11503556391057726 0.7022021572829776
vn -0.4761844853909337 -0.7579734738290782 0.4457853169906471
vn 0.1164507988939025 0.8845316346284902 0.45171118956521694
vn 0.045576957284331136 0.3461913607379568 0.9370561790603081
vn -0.02364556717266084 -0.17960591409945473 0.9834544233331725
vn -0.10444332845879971 -0.7933258416876303 0.5997713731506866
usemtl m_aeb473dc-abdd-ee05-74b0-2c651ba930e8
f 185/793/229 188/794/229 184/795/229
f 185/796/230 186/797/230 189/798/230 188/799/230
f 186/800/231 187/801/231 190/802/231 189/803/231
f 190/804/232 187/805/232 183/806/232
f 188/807/233 191/808/233 184/809/233
f 188/810/234 189/811/234 192/812/234 191/813/234
f 189/814/235 190/815/235 193/816/235 192/817/235
f 193/818/236 190/819/236 183/820/236
f 191/821/237 194/822/237 184/823/237
f 191/824/238 192/825/238 195/826/238 194/827/238
f 192/828/239 193/829/239 196/830/239 195/831/239
f 196/832/240 193/833/240 183/834/240
f 194/835/241 197/836/241 184/837/241
f 194/838/242 195/839/242 198/840/242 197/841/242
f 195/842/243 196/843/243 199/844/243 198/845/243
f 199/846/244 196/847/244 183/848/244
f 197/849/245 200/850/245 184/851/245
f 197/852/246 198/853/246 201/854/246 200/855/246
f 198/856/247 199/857/247 202/858/247 201/859/247
f 202/860/248 199/861/248 183/862/248
f 200/863/249 203/864/249 184/865/249
f 200/866/250 201/867/250 204/868/250 203/869/250
f 201/870/251 202/871/251 205/872/251 204/873/251
f 205/874/252 202/875/252 183/876/252
f 203/877/253 206/878/253 184/879/253
f 203/880/254 204/881/254 207/882/254 206/883/254
f 204/884/255 205/885/255 208/886/255 207/887/255
f 208/888/256 205/889/256 183/890/256
f 206/891/257 185/892/257 184/893/257
f 206/894/258 207/895/258 186/896/258 185/897/258
f 207/898/259 208/899/259 187/900/259 186/901/259
f 187/902/260 208/903/260 183/904/260
o sphere
v 0.1006194686278026 1.017936478559207 -0.2336582982348141
v 0.1493805313721974 1.388313521440793 -0.2663417017651859
v 0.17954358897350603 1.3369319268698332 -0.17350332483394632
v 0.17775575189463846 1.2071680492779902 -0.12547566273853183
v 0.14506431084908178 1.0750358082524432 -0.15039266856536404
v 0.2302883102265148 1.3256996818808484 -0.2250829941731678
v 0.2495196249094857 1.1912832560786706 -0.19842033066077852
v 0.19580903210209055 1.0638035632634584 -0.20197233790458552
v 0.22945531406040393 1.3193724478262272 -0.2980276620954145
v 0.24834159043396692 1.1823351958663166 -0.3015796693392215
v 0.19497603593597967 1.0574763292088374 -0.27491700582683226
v 0.17753255833187637 1.3216566326028583 -0.34960733143463596
v 0.17491172508689792 1.1855655209563942 -0.3745243372614682
v 0.14305328020745212 1.0597605139854682 -0.32649667516605374
v 0.10493568915091825 1.3312141917475568 -0.34960733143463596
v 0.07224424810536155 1.1990819507220098 -0.3745243372614682
v 0.07045641102649397 1.0693180731301668 -0.32649667516605374
v 0.054190967897909476 1.3424464367365416 -0.29802766209541454
v 0.0004803750905143095 1.2149667439213294 -0.3015796693392216
v 0.019711689773485197 1.0805503181191516 -0.2749170058268323
v 0.05502396406402035 1.3487736707911626 -0.22508299417316777
v 0.001658409566033095 1.2239148041336834 -0.19842033066077852
v 0.020544685939596075 1.0868775521737728 -0.20197233790458552
v 0.10694671979254784 1.3464894860145318 -0.17350332483394632
v 0.07508827491310202 1.2206844790436058 -0.12547566273853183
v 0.07246744166812358 1.0845933673971417 -0.1503926685653641
vt 0.3600453125 0.49480546875
vt 0.3671817779242492 0.5005370094254311
vt 0.35546875 0.5078125
vt 0.4342640625 0.625
vt 0.43236875 0.60780625
vt 0.4453125 0.60780625
vt 0.4434171875 0.625
vt 0.43236875 0.60780625
vt 0.4342640625 0.5906125
vt 0.4434171875 0.5906125
vt 0.4453125 0.60780625
vt 0.05468177792424919 0.4916504905745689
vt 0.0475453125 0.49738203125
vt 0.04296875 0.484375
vt 0.4550618455219909 0.5546875
vt 0.4570369720757508 0.545750018679054
vt 0.46875 0.5530255092536229
vt 0.3313609375 0.5656375
vt 0.329465625 0.54844375
vt 0.342409375 0.54844375
vt 0.3405140625 0.5656375
vt 0.329465625 0.54844375
vt 0.3313609375 0.53125
vt 0.3405140625 0.53125
vt 0.342409375 0.54844375
vt 0.4804744720757508 0.805812481320946
vt 0.4784993455219909 0.796875
vt 0.4921875 0.7985369907463771
vt 0.4570369720757508 0.545750018679054
vt 0.4641734375 0.540018478003623
vt 0.46875 0.5530255092536229
vt 0.4315828125 0.57345
vt 0.4296875 0.55625625
vt 0.44263125 0.55625625
vt 0.4407359375 0.57345
vt 0.4296875 0.55625625
vt 0.4315828125 0.5390625
vt 0.4407359375 0.5390625
vt 0.44263125 0.55625625
vt 0.4876109375 0.811544021996377
vt 0.4804744720757508 0.805812481320946
vt 0.4921875 0.7985369907463771
vt 0.4641734375 0.540018478003623
vt 0.4733265625 0.540018478003623
vt 0.46875 0.5530255092536229
vt 0.4329234375 0.765625
vt 0.431028125 0.74843125
vt 0.443971875 0.74843125
vt 0.4420765625 0.765625
vt 0.431028125 0.74843125
vt 0.4329234375 0.7312375
vt 0.4420765625 0.7312375
vt 0.443971875 0.74843125
vt 0.4967640625 0.811544021996377
vt 0.4876109375 0.811544021996377
vt 0.4921875 0.7985369907463771
vt 0.4733265625 0.540018478003623
vt 0.4804630279242492 0.545750018679054
vt 0.46875 0.5530255092536229
vt 0.4420765625 0.995325
vt 0.44018125 0.97813125
vt 0.453125 0.97813125
vt 0.4512296875 0.995325
vt 0.44018125 0.97813125
vt 0.4420765625 0.9609375
vt 0.4512296875 0.9609375
vt 0.453125 0.97813125
vt 0.5039005279242492 0.805812481320946
vt 0.4967640625 0.811544021996377
vt 0.4921875 0.7985369907463771
vt 0.4804630279242492 0.545750018679054
vt 0.4824381544780091 0.5546875
vt 0.46875 0.5530255092536229
vt 0.4329234375 0.6672
vt 0.431028125 0.65000625
vt 0.443971875 0.65000625
vt 0.4420765625 0.6672
vt 0.431028125 0.65000625
vt 0.4329234375 0.6328125
vt 0.4420765625 0.6328125
vt 0.443971875 0.65000625
vt 0.5058756544780091 0.796875
vt 0.5039005279242492 0.805812481320946
vt 0.4921875 0.7985369907463771
vt 0.3437557220757508 0.5005370094254311
vt 0.3508921875 0.49480546875
vt 0.35546875 0.5078125
vt 0.4393953125 0.953125
vt 0.4375 0.93593125
vt 0.45044375 0.93593125
vt 0.4485484375 0.953125
vt 0.4375 0.93593125
vt 0.4393953125 0.9187375
vt 0.4485484375 0.9187375
vt 0.45044375 0.93593125
vt 0.0383921875 0.49738203125
vt 0.03125572207575081 0.4916504905745689
vt 0.04296875 0.484375
vt 0.3508921875 0.49480546875
vt 0.3600453125 0.49480546875
vt 0.35546875 0.5078125
vt 0.4329234375 0.71875
vt 0.431028125 0.70155625
vt 0.443971875 0.70155625
vt 0.4420765625 0.71875
vt 0.431028125 0.70155625
vt 0.4329234375 0.6843625
vt 0.4420765625 0.6843625
vt 0.443971875 0.70155625
vt 0.0475453125 0.49738203125
vt 0.0383921875 0.49738203125
vt 0.04296875 0.484375
vn 0.48467504916049203 0.8224657085010562 0.2977251334051775
vn 0.7181307415989128 0.23282926287565173 0.6558039130101134
vn 0.6489082171419209 -0.2929680119617596 0.7022021572829777
vn 0.2637809218077898 -0.8553917678150644 0.44578531699064733
vn 0.6336816209500334 0.7700436018689446 -0.07403009179273491
vn 0.9902880850445008 0.1370813968085915 -0.023199122136432115
vn 0.9210655605875092 -0.38871587802881985 0.023199122136432115
vn 0.41278749359733113 -0.9078138744471758 0.07403009179273491
vn 0.4761844853909338 0.7579734738290781 -0.4457853169906472
vn 0.7026229069301029 0.11503556391057723 -0.7022021572829776
vn 0.6334003824731111 -0.4107617109268342 -0.6558039130101134
vn 0.25529035803823147 -0.9198840024870424 -0.29772513340517737
vn 0.10444332845879957 0.7933258416876305 -0.5997713731506866
vn 0.02364556717266049 0.17960591409945467 -0.9834544233331725
vn -0.04557695728433098 -0.3461913607379568 -0.9370561790603081
vn -0.11645079889390253 -0.8845316346284902 -0.45171118956521694
vn -0.2637809218077897 0.8553917678150643 -0.44578531699064744
vn -0.6489082171419206 0.2929680119617597 -0.7022021572829782
vn -0.7181307415989124 -0.23282926287565173 -0.6558039130101136
vn -0.4846750491604918 -0.8224657085010563 -0.29772513340517753
vn -0.41278749359733113 0.9078138744471758 -0.07403009179273501
vn -0.9210655605875091 0.38871587802882007 -0.023199122136432132
vn -0.9902880850445008 -0.13708139680859155 0.02319912213643212
vn -0.6336816209500334 -0.7700436018689447 0.07403009179273493
vn -0.2552903580382316 0.9198840024870424 0.29772513340517726
vn -0.6334003824731114 0.4107617109268344 0.6558039130101134
vn -0.7026229069301029 -0.11503556391057723 0.7022021572829776
vn -0.4761844853909338 -0.7579734738290781 0.4457853169906471
vn 0.11645079889390253 0.8845316346284902 0.45171118956521694
vn 0.04557695728433115 0.3461913607379568 0.9370561790603081
vn -0.023645567172660843 -0.17960591409945473 0.9834544233331725
vn -0.10444332845879974 -0.7933258416876303 0.5997713731506866
usemtl m_aeb473dc-abdd-ee05-74b0-2c651ba930e8
f 211/905/261 214/906/261 210/907/261
f 211/908/262 212/909/262 215/910/262 214/911/262
f 212/912/263 213/913/263 216/914/263 215/915/263
f 216/916/264 213/917/264 209/918/264
f 214/919/265 217/920/265 210/921/265
f 214/922/266 215/923/266 218/924/266 217/925/266
f 215/926/267 216/927/267 219/928/267 218/929/267
f 219/930/268 216/931/268 209/932/268
f 217/933/269 220/934/269 210/935/269
f 217/936/270 218/937/270 221/938/270 220/939/270
f 218/940/271 219/941/271 222/942/271 221/943/271
f 222/944/272 219/945/272 209/946/272
f 220/947/273 223/948/273 210/949/273
f 220/950/274 221/951/274 224/952/274 223/953/274
f 221/954/275 222/955/275 225/956/275 224/957/275
f 225/958/276 222/959/276 209/960/276
f 223/961/277 226/962/277 210/963/277
f 223/964/278 224/965/278 227/966/278 226/967/278
f 224/968/279 225/969/279 228/970/279 227/971/279
f 228/972/280 225/973/280 209/974/280
f 226/975/281 229/976/281 210/977/281
f 226/978/282 227/979/282 230/980/282 229/981/282
f 227/982/283 228/983/283 231/984/283 230/985/283
f 231/986/284 228/987/284 209/988/284
f 229/989/285 232/990/285 210/991/285
f 229/992/286 230/993/286 233/994/286 232/995/286
f 230/996/287 231/997/287 234/998/287 233/999/287
f 234/1000/288 231/1001/288 209/1002/288
f 232/1003/289 211/1004/289 210/1005/289
f 232/1006/290 233/1007/290 212/1008/290 211/1009/290
f 233/1010/291 234/1011/291 213/1012/291 212/1013/291
f 213/1014/292 234/1015/292 209/1016/292
o sphere
v 0.078125 1.015625 -1.6653345369377347e-17
v 0.078125 1.390625 -1.6653345369377347e-17
v 0.11473665235168157 1.3357075214724776 0.08838834764831842
v 0.1299016952966369 1.203125 0.12499999999999997
v 0.11473665235168157 1.0705424785275224 0.08838834764831843
v 0.16651334764831843 1.3357075214724776 0.036611652351681546
v 0.203125 1.203125 0.05177669529663687
v 0.16651334764831843 1.0705424785275224 0.03661165235168155
v 0.16651334764831843 1.3357075214724776 -0.03661165235168157
v 0.203125 1.203125 -0.05177669529663689
v 0.16651334764831843 1.0705424785275224 -0.036611652351681574
v 0.11473665235168157 1.3357075214724776 -0.08838834764831846
v 0.1299016952966369 1.203125 -0.12500000000000003
v 0.11473665235168157 1.0705424785275224 -0.08838834764831846
v 0.041513347648318454 1.3357075214724776 -0.08838834764831846
v 0.02634830470336312 1.203125 -0.12500000000000003
v 0.04151334764831845 1.0705424785275224 -0.08838834764831847
v -0.010263347648318419 1.3357075214724776 -0.03661165235168163
v -0.046875 1.203125 -0.051776695296636976
v -0.010263347648318433 1.0705424785275224 -0.03661165235168164
v -0.010263347648318433 1.3357075214724776 0.03661165235168156
v -0.046875 1.203125 0.05177669529663689
v -0.010263347648318433 1.0705424785275224 0.03661165235168157
v 0.04151334764831838 1.3357075214724776 0.0883883476483184
v 0.02634830470336303 1.203125 0.12499999999999997
v 0.04151334764831837 1.0705424785275224 0.0883883476483184
vt 0.5084828125 0.63543046875
vt 0.5156192779242492 0.6411620094254311
vt 0.50390625 0.6484375
vt 0.1686390625 0.5625
vt 0.16674375 0.54530625
vt 0.1796875 0.54530625
vt 0.1777921875 0.5625
vt 0.16674375 0.54530625
vt 0.1686390625 0.5281125
vt 0.1777921875 0.5281125
vt 0.1796875 0.54530625
vt 0.5234317779242492 0.9447754905745689
vt 0.5162953125 0.95050703125
vt 0.51171875 0.9375
vt 0.4628743455219909 1
vt 0.4648494720757508 0.991062518679054
vt 0.4765625 0.998338009253623
vt 0.1204234375 0.557825
vt 0.118528125 0.54063125
vt 0.131471875 0.54063125
vt 0.1295765625 0.557825
vt 0.118528125 0.54063125
vt 0.1204234375 0.5234375
vt 0.1295765625 0.5234375
vt 0.131471875 0.54063125
vt 0.4804744720757508 0.782374981320946
vt 0.4784993455219909 0.7734375
vt 0.4921875 0.7750994907463771
vt 0.4648494720757508 0.991062518679054
vt 0.4719859375 0.985330978003623
vt 0.4765625 0.998338009253623
vt 0.1893953125 0.557825
vt 0.1875 0.54063125
vt 0.20044375 0.54063125
vt 0.1985484375 0.557825
vt 0.1875 0.54063125
vt 0.1893953125 0.5234375
vt 0.1985484375 0.5234375
vt 0.20044375 0.54063125
vt 0.4876109375 0.788106521996377
vt 0.4804744720757508 0.782374981320946
vt 0.4921875 0.7750994907463771
vt 0.4719859375 0.985330978003623
vt 0.4811390625 0.985330978003623
vt 0.4765625 0.998338009253623
vt 0.0969859375 0.5625
vt 0.095090625 0.54530625
vt 0.108034375 0.54530625
vt 0.1061390625 0.5625
vt 0.095090625 0.54530625
vt 0.0969859375 0.5281125
vt 0.1061390625 0.5281125
vt 0.108034375 0.54530625
vt 0.4967640625 0.788106521996377
vt 0.4876109375 0.788106521996377
vt 0.4921875 0.7750994907463771
vt 0.4811390625 0.985330978003623
vt 0.4882755279242492 0.991062518679054
vt 0.4765625 0.998338009253623
vt 0.4498890625 0.8547
vt 0.44799375 0.83750625
vt 0.4609375 0.83750625
vt 0.4590421875 0.8547
vt 0.44799375 0.83750625
vt 0.4498890625 0.8203125
vt 0.4590421875 0.8203125
vt 0.4609375 0.83750625
vt 0.5039005279242492 0.782374981320946
vt 0.4967640625 0.788106521996377
vt 0.4921875 0.7750994907463771
vt 0.4882755279242492 0.991062518679054
vt 0.4902506544780091 1
vt 0.4765625 0.998338009253623
vt 0.1438609375 0.557825
vt 0.141965625 0.54063125
vt 0.154909375 0.54063125
vt 0.1530140625 0.557825
vt 0.141965625 0.54063125
vt 0.1438609375 0.5234375
vt 0.1530140625 0.5234375
vt 0.154909375 0.54063125
vt 0.5058756544780091 0.7734375
vt 0.5039005279242492 0.782374981320946
vt 0.4921875 0.7750994907463771
vt 0.4921932220757508 0.6411620094254311
vt 0.4993296875 0.63543046875
vt 0.50390625 0.6484375
vt 0.0018953125000000003 0.546875
vt 0 0.52968125
vt 0.01294375 0.52968125
vt 0.011048437500000001 0.546875
vt 0 0.52968125
vt 0.0018953125000000003 0.5124875
vt 0.011048437500000001 0.5124875
vt 0.01294375 0.52968125
vt 0.5071421875 0.95050703125
vt 0.5000057220757508 0.9447754905745689
vt 0.51171875 0.9375
vt 0.4993296875 0.63543046875
vt 0.5084828125 0.63543046875
vt 0.50390625 0.6484375
vt 0.4407359375 0.90625
vt 0.438840625 0.88905625
vt 0.451784375 0.88905625
vt 0.4498890625 0.90625
vt 0.438840625 0.88905625
vt 0.4407359375 0.8718625
vt 0.4498890625 0.8718625
vt 0.451784375 0.88905625
vt 0.5162953125 0.95050703125
vt 0.5071421875 0.95050703125
vt 0.51171875 0.9375
vn 0.37317526976405896 0.8494000447804579 0.37317526976405896
vn 0.6815967164322454 0.2661800749446939 0.6815967164322452
vn 0.6815967164322453 -0.2661800749446939 0.6815967164322454
vn 0.37317526976405885 -0.8494000447804578 0.3731752697640589
vn 0.5277495276425707 0.8494000447804579 0
vn 0.9639233204474499 0.266180074944694 0
vn 0.9639233204474499 -0.26618007494469387 0
vn 0.5277495276425704 -0.8494000447804578 0
vn 0.373175269764059 0.8494000447804578 -0.3731752697640588
vn 0.6815967164322454 0.266180074944694 -0.6815967164322451
vn 0.6815967164322454 -0.2661800749446939 -0.6815967164322453
vn 0.37317526976405896 -0.8494000447804578 -0.37317526976405885
vn 0 0.849400044780458 -0.5277495276425704
vn 0 0.2661800749446939 -0.9639233204474499
vn 1.7224124003452382e-16 -0.266180074944694 -0.9639233204474499
vn 1.0002274535365942e-16 -0.8494000447804578 -0.5277495276425704
vn -0.3731752697640588 0.8494000447804579 -0.37317526976405907
vn -0.6815967164322448 0.26618007494469403 -0.6815967164322456
vn -0.6815967164322451 -0.2661800749446939 -0.6815967164322455
vn -0.3731752697640587 -0.8494000447804578 -0.37317526976405896
vn -0.5277495276425704 0.8494000447804578 -1.0002274535365936e-16
vn -0.9639233204474499 0.2661800749446941 0
vn -0.9639233204474499 -0.26618007494469403 0
vn -0.5277495276425705 -0.8494000447804578 0
vn -0.373175269764059 0.8494000447804578 0.37317526976405874
vn -0.6815967164322455 0.26618007494469403 0.6815967164322451
vn -0.6815967164322454 -0.266180074944694 0.6815967164322451
vn -0.37317526976405896 -0.8494000447804578 0.3731752697640587
vn -1.0002274535365936e-16 0.8494000447804578 0.5277495276425704
vn 0 0.266180074944694 0.9639233204474499
vn -3.4448248006904744e-16 -0.26618007494469403 0.9639233204474499
vn -2.000454907073187e-16 -0.8494000447804578 0.5277495276425704
usemtl m_aeb473dc-abdd-ee05-74b0-2c651ba930e8
f 237/1017/293 240/1018/293 236/1019/293
f 237/1020/294 238/1021/294 241/1022/294 240/1023/294
f 238/1024/295 239/1025/295 242/1026/295 241/1027/295
f 242/1028/296 239/1029/296 235/1030/296
f 240/1031/297 243/1032/297 236/1033/297
f 240/1034/298 241/1035/298 244/1036/298 243/1037/298
f 241/1038/299 242/1039/299 245/1040/299 244/1041/299
f 245/1042/300 242/1043/300 235/1044/300
f 243/1045/301 246/1046/301 236/1047/301
f 243/1048/302 244/1049/302 247/1050/302 246/1051/302
f 244/1052/303 245/1053/303 248/1054/303 247/1055/303
f 248/1056/304 245/1057/304 235/1058/304
f 246/1059/305 249/1060/305 236/1061/305
f 246/1062/306 247/1063/306 250/1064/306 249/1065/306
f 247/1066/307 248/1067/307 251/1068/307 250/1069/307
f 251/1070/308 248/1071/308 235/1072/308
f 249/1073/309 252/1074/309 236/1075/309
f 249/1076/310 250/1077/310 253/1078/310 252/1079/310
f 250/1080/311 251/1081/311 254/1082/311 253/1083/311
f 254/1084/312 251/1085/312 235/1086/312
f 252/1087/313 255/1088/313 236/1089/313
f 252/1090/314 253/1091/314 256/1092/314 255/1093/314
f 253/1094/315 254/1095/315 257/1096/315 256/1097/315
f 257/1098/316 254/1099/316 235/1100/316
f 255/1101/317 258/1102/317 236/1103/317
f 255/1104/318 256/1105/318 259/1106/318 258/1107/318
f 256/1108/319 257/1109/319 260/1110/319 259/1111/319
f 260/1112/320 257/1113/320 235/1114/320
f 258/1115/321 237/1116/321 236/1117/321
f 258/1118/322 259/1119/322 238/1120/322 237/1121/322
f 259/1122/323 260/1123/323 239/1124/323 238/1125/323
f 239/1126/324 260/1127/324 235/1128/324
o sphere
v -0.046875 1.018473546310211 0.27994096668745055
v -0.046875 1.387776453689789 0.34505903331254945
v -0.01026334764831844 1.3183448195638818 0.42256824328418474
v 0.0049016952966369 1.1814189777916337 0.43560096912652596
v -0.01026334764831844 1.057208229443875 0.37652281679581995
v 0.04151334764831843 1.3273357483477588 0.371578152330706
v 0.078125 1.194134071216123 0.36349009095347873
v 0.04151334764831845 1.066199158227752 0.3255327258423412
v 0.04151334764831843 1.340050841772248 0.2994672741576587
v 0.078125 1.212115928783877 0.26150990904652127
v 0.04151334764831845 1.0789142516522412 0.253421847669294
v -0.010263347648318433 1.349041770556125 0.24847718320418
v 0.0049016952966369 1.2248310222083663 0.18939903087347398
v -0.010263347648318426 1.0879051804361182 0.2024317567158152
v -0.08348665235168154 1.349041770556125 0.24847718320418
v -0.09865169529663688 1.2248310222083663 0.18939903087347398
v -0.08348665235168155 1.0879051804361182 0.2024317567158152
v -0.13526334764831843 1.340050841772248 0.29946727415765867
v -0.171875 1.212115928783877 0.26150990904652116
v -0.13526334764831843 1.0789142516522412 0.2534218476692939
v -0.13526334764831843 1.3273357483477588 0.371578152330706
v -0.171875 1.194134071216123 0.36349009095347873
v -0.13526334764831843 1.066199158227752 0.3255327258423413
v -0.08348665235168162 1.3183448195638818 0.42256824328418474
v -0.09865169529663698 1.1814189777916337 0.43560096912652596
v -0.08348665235168162 1.057208229443875 0.37652281679581995
vt 0.3912953125 0.49480546875
vt 0.3984317779242492 0.5005370094254311
vt 0.38671875 0.5078125
vt 0.2155140625 0.546875
vt 0.21361875 0.52968125
vt 0.2265625 0.52968125
vt 0.2246671875 0.546875
vt 0.21361875 0.52968125
vt 0.2155140625 0.5124875
vt 0.2246671875 0.5124875
vt 0.2265625 0.52968125
vt 0.08593177792424919 0.4916504905745689
vt 0.07879531249999999 0.49738203125
vt 0.07421875 0.484375
vt 0.4628743455219909 0.9765625
vt 0.4648494720757508 0.967625018679054
vt 0.4765625 0.974900509253623
vt 0.0735484375 0.5422
vt 0.071653125 0.52500625
vt 0.084596875 0.52500625
vt 0.0827015625 0.5422
vt 0.071653125 0.52500625
vt 0.0735484375 0.5078125
vt 0.0827015625 0.5078125
vt 0.084596875 0.52500625
vt 0.4804744720757508 0.758937481320946
vt 0.4784993455219909 0.75
vt 0.4921875 0.7516619907463771
vt 0.4648494720757508 0.967625018679054
vt 0.4719859375 0.961893478003623
vt 0.4765625 0.974900509253623
vt 0.2362703125 0.5422
vt 0.234375 0.52500625
vt 0.24731875 0.52500625
vt 0.2454234375 0.5422
vt 0.234375 0.52500625
vt 0.2362703125 0.5078125
vt 0.2454234375 0.5078125
vt 0.24731875 0.52500625
vt 0.4876109375 0.764669021996377
vt 0.4804744720757508 0.758937481320946
vt 0.4921875 0.7516619907463771
vt 0.4719859375 0.961893478003623
vt 0.4811390625 0.961893478003623
vt 0.4765625 0.974900509253623
vt 0.0266734375 0.546875
vt 0.024778124999999998 0.52968125
vt 0.037721875 0.52968125
vt 0.0358265625 0.546875
vt 0.024778124999999998 0.52968125
vt 0.0266734375 0.5124875
vt 0.0358265625 0.5124875
vt 0.037721875 0.52968125
vt 0.4967640625 0.764669021996377
vt 0.4876109375 0.764669021996377
vt 0.4921875 0.7516619907463771
vt 0.4811390625 0.961893478003623
vt 0.4882755279242492 0.967625018679054
vt 0.4765625 0.974900509253623
vt 0.4577015625 0.76095
vt 0.45580625 0.74375625
vt 0.46875 0.74375625
vt 0.4668546875 0.76095
vt 0.45580625 0.74375625
vt 0.4577015625 0.7265625
vt 0.4668546875 0.7265625
vt 0.46875 0.74375625
vt 0.5039005279242492 0.758937481320946
vt 0.4967640625 0.764669021996377
vt 0.4921875 0.7516619907463771
vt 0.4882755279242492 0.967625018679054
vt 0.4902506544780091 0.9765625
vt 0.4765625 0.974900509253623
vt 0.4563609375 0.807825
vt 0.454465625 0.79063125
vt 0.467409375 0.79063125
vt 0.4655140625 0.807825
vt 0.454465625 0.79063125
vt 0.4563609375 0.7734375
vt 0.4655140625 0.7734375
vt 0.467409375 0.79063125
vt 0.5058756544780091 0.75
vt 0.5039005279242492 0.758937481320946
vt 0.4921875 0.7516619907463771
vt 0.3750057220757508 0.5005370094254311
vt 0.3821421875 0.49480546875
vt 0.38671875 0.5078125
vt 0.2597078125 0.546875
vt 0.2578125 0.52968125
vt 0.27075625 0.52968125
vt 0.2688609375 0.546875
vt 0.2578125 0.52968125
vt 0.2597078125 0.5124875
vt 0.2688609375 0.5124875
vt 0.27075625 0.52968125
vt 0.0696421875 0.49738203125
vt 0.06250572207575081 0.4916504905745689
vt 0.07421875 0.484375
vt 0.3821421875 0.49480546875
vt 0.3912953125 0.49480546875
vt 0.38671875 0.5078125
vt 0.0501109375 0.546875
vt 0.048215625 0.52968125
vt 0.061159375 0.52968125
vt 0.0592640625 0.546875
vt 0.048215625 0.52968125
vt 0.0501109375 0.5124875
vt 0.0592640625 0.5124875
vt 0.061159375 0.52968125
vt 0.07879531249999999 0.49738203125
vt 0.0696421875 0.49738203125
vt 0.07421875 0.484375
vn 0.3731752697640589 0.7716945439638176 0.515002668782403
vn 0.6815967164322454 0.14377817379068236 0.7174634157155316
vn 0.6815967164322452 -0.38049422921512804 0.6250200458247457
vn 0.3731752697640588 -0.9012969550536055 0.2200091290097319
vn 0.5277495276425705 0.8364957495087116 0.14749676988633553
vn 0.9639233204474499 0.2621362015029053 0.04622168494539306
vn 0.9639233204474499 -0.2621362015029052 -0.04622168494539304
vn 0.5277495276425704 -0.8364957495087118 -0.14749676988633553
vn 0.37317526976405896 0.9012969550536055 -0.2200091290097318
vn 0.6815967164322454 0.3804942292151281 -0.6250200458247455
vn 0.6815967164322453 -0.1437781737906823 -0.7174634157155316
vn 0.37317526976405896 -0.7716945439638178 -0.515002668782403
vn 0 0.9281384932484273 -0.37223505658459843
vn 0 0.4295197295092613 -0.9030574743405266
vn 1.7224124003452382e-16 -0.09475267349654906 -0.9955008442313129
vn 1.0002274535365939e-16 -0.744853005768996 -0.6672285963572695
vn -0.37317526976405874 0.9012969550536056 -0.22000912900973207
vn -0.6815967164322448 0.38049422921512827 -0.625020045824746
vn -0.6815967164322451 -0.1437781737906823 -0.717463415715532
vn -0.3731752697640587 -0.7716945439638178 -0.5150026687824031
vn -0.5277495276425704 0.8364957495087118 0.14749676988633542
vn -0.9639233204474499 0.2621362015029054 0.046221684945393075
vn -0.9639233204474499 -0.26213620150290534 -0.04622168494539307
vn -0.5277495276425704 -0.8364957495087115 -0.1474967698863355
vn -0.37317526976405896 0.7716945439638176 0.5150026687824028
vn -0.6815967164322455 0.1437781737906825 0.7174634157155315
vn -0.6815967164322454 -0.3804942292151281 0.6250200458247455
vn -0.37317526976405896 -0.9012969550536056 0.22000912900973174
vn -1.0002274535365933e-16 0.744853005768996 0.6672285963572695
vn 0 0.09475267349654906 0.9955008442313129
vn -3.4448248006904734e-16 -0.4295197295092614 0.9030574743405266
vn -2.000454907073187e-16 -0.9281384932484273 0.37223505658459854
usemtl m_aeb473dc-abdd-ee05-74b0-2c651ba930e8
f 263/1129/325 266/1130/325 262/1131/325
f 263/1132/326 264/1133/326 267/1134/326 266/1135/326
f 264/1136/327 265/1137/327 268/1138/327 267/1139/327
f 268/1140/328 265/1141/328 261/1142/328
f 266/1143/329 269/1144/329 262/1145/329
f 266/1146/330 267/1147/330 270/1148/330 269/1149/330
f 267/1150/331 268/1151/331 271/1152/331 270/1153/331
f 271/1154/332 268/1155/332 261/1156/332
f 269/1157/333 272/1158/333 262/1159/333
f 269/1160/334 270/1161/334 273/1162/334 272/1163/334
f 270/1164/335 271/1165/335 274/1166/335 273/1167/335
f 274/1168/336 271/1169/336 261/1170/336
f 272/1171/337 275/1172/337 262/1173/337
f 272/1174/338 273/1175/338 276/1176/338 275/1177/338
f 273/1178/339 274/1179/339 277/1180/339 276/1181/339
f 277/1182/340 274/1183/340 261/1184/340
f 275/1185/341 278/1186/341 262/1187/341
f 275/1188/342 276/1189/342 279/1190/342 278/1191/342
f 276/1192/343 277/1193/343 280/1194/343 279/1195/343
f 280/1196/344 277/1197/344 261/1198/344
f 278/1199/345 281/1200/345 262/1201/345
f 278/1202/346 279/1203/346 282/1204/346 281/1205/346
f 279/1206/347 280/1207/347 283/1208/347 282/1209/347
f 283/1210/348 280/1211/348 261/1212/348
f 281/1213/349 284/1214/349 262/1215/349
f 281/1216/350 282/1217/350 285/1218/350 284/1219/350
f 282/1220/351 283/1221/351 286/1222/351 285/1223/351
f 286/1224/352 283/1225/352 261/1226/352
f 284/1227/353 263/1228/353 262/1229/353
f 284/1230/354 285/1231/354 264/1232/354 263/1233/354
f 285/1234/355 286/1235/355 265/1236/355 264/1237/355
f 265/1238/356 286/1239/356 261/1240/356
o sphere
v 0.17257334106376943 1.3833762217800596 0.29055922274981166
v 0.10867665893623056 1.0228737782199404 0.20944077725018834
v 0.07914762572842252 1.0630961334004387 0.3078228939040156
v 0.08563120458981777 1.1853454995112271 0.37233314352453106
v 0.12432940295612652 1.3180098558761195 0.3651822967961106
v 0.029812356867199213 1.0831486460927704 0.25756774160302015
v 0.01586059826295272 1.213704034920381 0.30126162556133784
v 0.07499413409490319 1.3380623685684512 0.31492714449511516
v 0.032156195306826216 1.0988191790442614 0.18607932876522723
v 0.019175286372284606 1.2358655151499942 0.2001617425736042
v 0.07733797253453019 1.3537329015199422 0.24343873165732222
v 0.08480615227738142 1.1009281465815433 0.13523459807848903
v 0.09363356957840366 1.2388480456438227 0.12825643486121158
v 0.1299879295050854 1.355841869057224 0.19259400097058404
v 0.15692059704387348 1.0882401441238805 0.13481770320388936
v 0.19561879541018223 1.2209045004887729 0.12766685647546888
v 0.20210237427157746 1.3431538665995613 0.19217710609598435
v 0.2062558659050968 1.068187631431549 0.18507285550488478
v 0.2653894017370473 1.192545965079619 0.19873837443866205
v 0.2514376431328008 1.3231013539072296 0.24243225839697977
v 0.2039120274654698 1.0525170984800578 0.2565612683426778
v 0.2620747136277154 1.1703844848500058 0.2998382574263958
v 0.24909380469317377 1.3074308209557386 0.31392067123477274
v 0.15126207049491466 1.050408130942776 0.3074059990294159
v 0.1876164304215964 1.1674019543561773 0.37174356513878837
v 0.19644384772261864 1.3053218534184567 0.3647654019215109
vt 0.2194203125 0.89324296875
vt 0.2265567779242492 0.8989745094254311
vt 0.21484375 0.90625
vt 0.1373890625 0.953125
vt 0.13549375 0.93593125
vt 0.1484375 0.93593125
vt 0.1465421875 0.953125
vt 0.13549375 0.93593125
vt 0.1373890625 0.9187375
vt 0.1465421875 0.9187375
vt 0.1484375 0.93593125
vt 0.5156192779242492 0.6166504905745689
vt 0.5084828125 0.62238203125
vt 0.50390625 0.609375
vt 0.0019368455219909222 0.8203125
vt 0.003911972075750805 0.811375018679054
vt 0.015625 0.8186505092536229
vt 0.0266734375 0.8625125
vt 0.024778124999999998 0.84531875
vt 0.037721875 0.84531875
vt 0.0358265625 0.8625125
vt 0.024778124999999998 0.84531875
vt 0.0266734375 0.828125
vt 0.0358265625 0.828125
vt 0.037721875 0.84531875
vt 0.4648494720757508 0.946437481320946
vt 0.4628743455219909 0.9375
vt 0.4765625 0.9391619907463771
vt 0.003911972075750805 0.811375018679054
vt 0.011048437500000001 0.805643478003623
vt 0.015625 0.8186505092536229
vt 0.0722078125 0.8625125
vt 0.0703125 0.84531875
vt 0.08325625 0.84531875
vt 0.08136093750000001 0.8625125
vt 0.0703125 0.84531875
vt 0.0722078125 0.828125
vt 0.08136093750000001 0.828125
vt 0.08325625 0.84531875
vt 0.4719859375 0.952169021996377
vt 0.4648494720757508 0.946437481320946
vt 0.4765625 0.939161990746377
vt 0.011048437500000001 0.805643478003623
vt 0.0202015625 0.805643478003623
vt 0.015625 0.8186505092536229
vt 0.0032359375 0.875
vt 0.0013406249999999998 0.85780625
vt 0.014284375 0.85780625
vt 0.0123890625 0.875
vt 0.0013406249999999998 0.85780625
vt 0.0032359375 0.8406125
vt 0.0123890625 0.8406125
vt 0.014284375 0.85780625
vt 0.4811390625 0.952169021996377
vt 0.4719859375 0.952169021996377
vt 0.4765625 0.939161990746377
vt 0.0202015625 0.805643478003623
vt 0.027338027924249195 0.811375018679054
vt 0.015625 0.8186505092536229
vt 0.1608265625 0.995325
vt 0.15893125 0.97813125
vt 0.171875 0.97813125
vt 0.1699796875 0.995325
vt 0.15893125 0.97813125
vt 0.1608265625 0.9609375
vt 0.1699796875 0.9609375
vt 0.171875 0.97813125
vt 0.4882755279242492 0.946437481320946
vt 0.4811390625 0.952169021996377
vt 0.4765625 0.939161990746377
vt 0.027338027924249195 0.811375018679054
vt 0.029313154478009078 0.8203125
vt 0.015625 0.8186505092536229
vt 0.0501109375 0.8625125
vt 0.048215625 0.84531875
vt 0.061159375 0.84531875
vt 0.0592640625 0.8625125
vt 0.048215625 0.84531875
vt 0.0501109375 0.828125
vt 0.0592640625 0.828125
vt 0.061159375 0.84531875
vt 0.4902506544780091 0.9375
vt 0.4882755279242492 0.946437481320946
vt 0.4765625 0.9391619907463771
vt 0.2031307220757508 0.8989745094254311
vt 0.2102671875 0.89324296875
vt 0.21484375 0.90625
vt 0.1581453125 0.953125
vt 0.15625 0.93593125
vt 0.16919375 0.93593125
vt 0.1672984375 0.953125
vt 0.15625 0.93593125
vt 0.1581453125 0.9187375
vt 0.1672984375 0.9187375
vt 0.16919375 0.93593125
vt 0.4993296875 0.62238203125
vt 0.4921932220757508 0.6166504905745689
vt 0.50390625 0.609375
vt 0.2102671875 0.89324296875
vt 0.2194203125 0.89324296875
vt 0.21484375 0.90625
vt 0.1360484375 1
vt 0.134153125 0.98280625
vt 0.147096875 0.98280625
vt 0.1452015625 1
vt 0.134153125 0.98280625
vt 0.1360484375 0.9656125
vt 0.1452015625 0.9656125
vt 0.147096875 0.98280625
vt 0.5084828125 0.62238203125
vt 0.4993296875 0.62238203125
vt 0.50390625 0.609375
vn -0.5241994669651998 -0.8317622804192475 0.1827195329054173
vn -0.738447202787021 -0.283652299903348 0.6117492145116049
vn -0.6477377433874177 0.22812672646773355 0.726907155324868
vn -0.2347389621094439 0.8013619419990443 0.5501969261848902
vn -0.6644877847586255 -0.7251146228598288 -0.18073396919622778
vn -0.9946808401935359 -0.08886261500903797 -0.05209089945122164
vn -0.9039713807939327 0.42291641136204366 0.06306704136204135
vn -0.37502727990286955 0.9080095995584627 0.18674342408324515
vn -0.5003091892582717 -0.6720356637304846 -0.5459475998830455
vn -0.6948121171877208 0.008084978214586758 -0.7191458509484613
vn -0.6041026577881177 0.5198640045856685 -0.6039879101351985
vn -0.21084868440251597 0.9610885586878072 -0.17847020660357257
vn -0.12783727505687925 -0.7036183374125373 -0.6989841674622169
vn -0.01450006477488099 -0.049600105503443306 -0.9986638962411587
vn 0.076209394624722 0.46217892086763857 -0.8835059554278957
vn 0.1616232297988764 0.9295058850057545 -0.331506774182744
vn 0.23473896210944384 -0.8013619419990443 -0.5501969261848904
vn 0.6477377433874173 -0.22812672646773352 -0.7269071553248683
vn 0.7384472027870207 0.28365229990334817 -0.6117492145116052
vn 0.5241994669651995 0.8317622804192475 -0.1827195329054173
vn 0.37502727990286955 -0.9080095995584627 -0.18674342408324526
vn 0.9039713807939327 -0.4229164113620439 -0.06306704136204139
vn 0.9946808401935359 0.08886261500903803 0.05209089945122165
vn 0.6644877847586255 0.7251146228598289 0.1807339691962278
vn 0.21084868440251603 -0.9610885586878072 0.17847020660357246
vn 0.6041026577881178 -0.5198640045856686 0.6039879101351983
vn 0.6948121171877208 -0.008084978214586758 0.7191458509484613
vn 0.5003091892582717 0.6720356637304846 0.5459475998830454
vn -0.1616232297988764 -0.9295058850057545 0.331506774182744
vn -0.07620939462472216 -0.4621789208676385 0.8835059554278957
vn 0.014500064774881343 0.04960010550344336 0.9986638962411587
vn 0.12783727505687945 0.7036183374125373 0.698984167462217
usemtl m_aeb473dc-abdd-ee05-74b0-2c651ba930e8
f 289/1241/357 292/1242/357 288/1243/357
f 289/1244/358 290/1245/358 293/1246/358 292/1247/358
f 290/1248/359 291/1249/359 294/1250/359 293/1251/359
f 294/1252/360 291/1253/360 287/1254/360
f 292/1255/361 295/1256/361 288/1257/361
f 292/1258/362 293/1259/362 296/1260/362 295/1261/362
f 293/1262/363 294/1263/363 297/1264/363 296/1265/363
f 297/1266/364 294/1267/364 287/1268/364
f 295/1269/365 298/1270/365 288/1271/365
f 295/1272/366 296/1273/366 299/1274/366 298/1275/366
f 296/1276/367 297/1277/367 300/1278/367 299/1279/367
f 300/1280/368 297/1281/368 287/1282/368
f 298/1283/369 301/1284/369 288/1285/369
f 298/1286/370 299/1287/370 302/1288/370 301/1289/370
f 299/1290/371 300/1291/371 303/1292/371 302/1293/371
f 303/1294/372 300/1295/372 287/1296/372
f 301/1297/373 304/1298/373 288/1299/373
f 301/1300/374 302/1301/374 305/1302/374 304/1303/374
f 302/1304/375 303/1305/375 306/1306/375 305/1307/375
f 306/1308/376 303/1309/376 287/1310/376
f 304/1311/377 307/1312/377 288/1313/377
f 304/1314/378 305/1315/378 308/1316/378 307/1317/378
f 305/1318/379 306/1319/379 309/1320/379 308/1321/379
f 309/1322/380 306/1323/380 287/1324/380
f 307/1325/381 310/1326/381 288/1327/381
f 307/1328/382 308/1329/382 311/1330/382 310/1331/382
f 308/1332/383 309/1333/383 312/1334/383 311/1335/383
f 312/1336/384 309/1337/384 287/1338/384
f 310/1339/385 289/1340/385 288/1341/385
f 310/1342/386 311/1343/386 290/1344/386 289/1345/386
f 311/1346/387 312/1347/387 291/1348/387 290/1349/387
f 291/1350/388 312/1351/388 287/1352/388
o sphere
v -0.20181596668745055 1.018473546310211 -0.21875000000000003
v -0.26693403331254945 1.387776453689789 -0.21875000000000003
v -0.22134227415765875 1.340050841772248 -0.13036165235168157
v -0.18338490904652127 1.212115928783877 -0.09375000000000003
v -0.175296847669294 1.0789142516522412 -0.13036165235168157
v -0.17035218320418005 1.349041770556125 -0.18213834764831846
v -0.111274030873474 1.2248310222083663 -0.16697330470336313
v -0.12430675671581523 1.0879051804361182 -0.18213834764831843
v -0.17035218320418005 1.349041770556125 -0.25536165235168157
v -0.111274030873474 1.2248310222083663 -0.27052669529663687
v -0.12430675671581523 1.0879051804361182 -0.25536165235168157
v -0.22134227415765875 1.340050841772248 -0.3071383476483185
v -0.18338490904652127 1.212115928783877 -0.34375
v -0.17529684766929396 1.0789142516522412 -0.3071383476483185
v -0.293453152330706 1.3273357483477588 -0.3071383476483185
v -0.28536509095347873 1.194134071216123 -0.34375
v -0.24740772584234125 1.066199158227752 -0.3071383476483185
v -0.34444324328418474 1.3183448195638818 -0.2553616523516816
v -0.357475969126526 1.1814189777916337 -0.270526695296637
v -0.29839781679581995 1.057208229443875 -0.2553616523516816
v -0.34444324328418474 1.3183448195638818 -0.18213834764831843
v -0.357475969126526 1.1814189777916337 -0.1669733047033631
v -0.29839781679581995 1.057208229443875 -0.18213834764831843
v -0.2934531523307061 1.3273357483477588 -0.1303616523516816
v -0.28536509095347884 1.194134071216123 -0.09375000000000003
v -0.2474077258423413 1.066199158227752 -0.1303616523516816
vt 0.1725453125 0.50261796875
vt 0.1796817779242492 0.5083495094254311
vt 0.16796875 0.515625
vt 0.3952015625 0.90625
vt 0.39330625 0.88905625
vt 0.40625 0.88905625
vt 0.4043546875 0.90625
vt 0.39330625 0.88905625
vt 0.3952015625 0.8718625
vt 0.4043546875 0.8718625
vt 0.40625 0.88905625
vt 0.4921817779242492 0.4994629905745689
vt 0.4850453125 0.50519453125
vt 0.48046875 0.4921875
vt 0.4550618455219909 0.6484375
vt 0.4570369720757508 0.639500018679054
vt 0.46875 0.6467755092536229
vt 0.3938609375 0.94845
vt 0.391965625 0.93125625
vt 0.404909375 0.93125625
vt 0.4030140625 0.94845
vt 0.391965625 0.93125625
vt 0.3938609375 0.9140625
vt 0.4030140625 0.9140625
vt 0.404909375 0.93125625
vt 0.3554744720757508 0.524562481320946
vt 0.3534993455219909 0.515625
vt 0.3671875 0.5172869907463771
vt 0.4570369720757508 0.639500018679054
vt 0.4641734375 0.633768478003623
vt 0.46875 0.6467755092536229
vt 0.1190828125 0.6047
vt 0.1171875 0.58750625
vt 0.13013125 0.58750625
vt 0.1282359375 0.6047
vt 0.1171875 0.58750625
vt 0.1190828125 0.5703125
vt 0.1282359375 0.5703125
vt 0.13013125 0.58750625
vt 0.3626109375 0.530294021996377
vt 0.3554744720757508 0.524562481320946
vt 0.3671875 0.5172869907463771
vt 0.4641734375 0.633768478003623
vt 0.4733265625 0.633768478003623
vt 0.46875 0.6467755092536229
vt 0.3860484375 0.625
vt 0.384153125 0.60780625
vt 0.397096875 0.60780625
vt 0.3952015625 0.625
vt 0.384153125 0.60780625
vt 0.3860484375 0.5906125
vt 0.3952015625 0.5906125
vt 0.397096875 0.60780625
vt 0.3717640625 0.530294021996377
vt 0.3626109375 0.530294021996377
vt 0.3671875 0.5172869907463771
vt 0.4733265625 0.633768478003623
vt 0.4804630279242492 0.639500018679054
vt 0.46875 0.6467755092536229
vt 0.1452015625 0.6047
vt 0.14330625 0.58750625
vt 0.15625 0.58750625
vt 0.1543546875 0.6047
vt 0.14330625 0.58750625
vt 0.1452015625 0.5703125
vt 0.1543546875 0.5703125
vt 0.15625 0.58750625
vt 0.3789005279242492 0.524562481320946
vt 0.3717640625 0.530294021996377
vt 0.3671875 0.5172869907463771
vt 0.4804630279242492 0.639500018679054
vt 0.4824381544780091 0.6484375
vt 0.46875 0.6467755092536229
vt 0.0969859375 0.6047
vt 0.095090625 0.58750625
vt 0.108034375 0.58750625
vt 0.1061390625 0.6047
vt 0.095090625 0.58750625
vt 0.0969859375 0.5703125
vt 0.1061390625 0.5703125
vt 0.108034375 0.58750625
vt 0.3808756544780091 0.515625
vt 0.3789005279242492 0.524562481320946
vt 0.3671875 0.5172869907463771
vt 0.1562557220757508 0.5083495094254311
vt 0.1633921875 0.50261796875
vt 0.16796875 0.515625
vt 0.1659578125 0.609375
vt 0.1640625 0.59218125
vt 0.17700625 0.59218125
vt 0.1751109375 0.609375
vt 0.1640625 0.59218125
vt 0.1659578125 0.5749875
vt 0.1751109375 0.5749875
vt 0.17700625 0.59218125
vt 0.4758921875 0.50519453125
vt 0.4687557220757508 0.4994629905745689
vt 0.48046875 0.4921875
vt 0.1633921875 0.50261796875
vt 0.1725453125 0.50261796875
vt 0.16796875 0.515625
vt 0.3938609375 1
vt 0.391965625 0.98280625
vt 0.404909375 0.98280625
vt 0.4030140625 1
vt 0.391965625 0.98280625
vt 0.3938609375 0.9656125
vt 0.4030140625 0.9656125
vt 0.404909375 0.98280625
vt 0.4850453125 0.50519453125
vt 0.4758921875 0.50519453125
vt 0.48046875 0.4921875
vn 0.22000912900973196 0.9012969550536056 0.3731752697640589
vn 0.6250200458247458 0.3804942292151281 0.6815967164322452
vn 0.7174634157155316 -0.1437781737906823 0.6815967164322453
vn 0.515002668782403 -0.7716945439638178 0.3731752697640589
vn 0.3722350565845986 0.9281384932484271 0
vn 0.9030574743405266 0.4295197295092614 0
vn 0.9955008442313129 -0.09475267349654895 0
vn 0.6672285963572695 -0.744853005768996 0
vn 0.22000912900973202 0.9012969550536055 -0.37317526976405874
vn 0.6250200458247458 0.3804942292151282 -0.6815967164322451
vn 0.7174634157155317 -0.1437781737906823 -0.6815967164322452
vn 0.515002668782403 -0.7716945439638175 -0.3731752697640588
vn -0.14749676988633553 0.8364957495087118 -0.5277495276425703
vn -0.04622168494539305 0.26213620150290523 -0.9639233204474499
vn 0.04622168494539323 -0.26213620150290523 -0.9639233204474499
vn 0.14749676988633564 -0.8364957495087118 -0.5277495276425704
vn -0.5150026687824029 0.7716945439638176 -0.373175269764059
vn -0.7174634157155313 0.14377817379068253 -0.6815967164322456
vn -0.6250200458247455 -0.3804942292151281 -0.6815967164322455
vn -0.22000912900973174 -0.9012969550536056 -0.37317526976405896
vn -0.6672285963572695 0.744853005768996 -1.0002274535365933e-16
vn -0.9955008442313127 0.09475267349654914 0
vn -0.9030574743405266 -0.4295197295092614 0
vn -0.3722350565845986 -0.9281384932484272 0
vn -0.5150026687824031 0.7716945439638175 0.3731752697640587
vn -0.717463415715532 0.14377817379068242 0.6815967164322451
vn -0.6250200458247458 -0.3804942292151282 0.6815967164322451
vn -0.22000912900973202 -0.9012969550536057 0.3731752697640587
vn -0.14749676988633564 0.8364957495087118 0.5277495276425704
vn -0.04622168494539306 0.2621362015029053 0.9639233204474499
vn 0.04622168494539273 -0.2621362015029054 0.9639233204474499
vn 0.14749676988633534 -0.8364957495087118 0.5277495276425704
usemtl m_aeb473dc-abdd-ee05-74b0-2c651ba930e8
f 315/1353/389 318/1354/389 314/1355/389
f 315/1356/390 316/1357/390 319/1358/390 318/1359/390
f 316/1360/391 317/1361/391 320/1362/391 319/1363/391
f 320/1364/392 317/1365/392 313/1366/392
f 318/1367/393 321/1368/393 314/1369/393
f 318/1370/394 319/1371/394 322/1372/394 321/1373/394
f 319/1374/395 320/1375/395 323/1376/395 322/1377/395
f 323/1378/396 320/1379/396 313/1380/396
f 321/1381/397 324/1382/397 314/1383/397
f 321/1384/398 322/1385/398 325/1386/398 324/1387/398
f 322/1388/399 323/1389/399 326/1390/399 325/1391/399
f 326/1392/400 323/1393/400 313/1394/400
f 324/1395/401 327/1396/401 314/1397/401
f 324/1398/402 325/1399/402 328/1400/402 327/1401/402
f 325/1402/403 326/1403/403 329/1404/403 328/1405/403
f 329/1406/404 326/1407/404 313/1408/404
f 327/1409/405 330/1410/405 314/1411/405
f 327/1412/406 328/1413/406 331/1414/406 330/1415/406
f 328/1416/407 329/1417/407 332/1418/407 331/1419/407
f 332/1420/408 329/1421/408 313/1422/408
f 330/1423/409 333/1424/409 314/1425/409
f 330/1426/410 331/1427/410 334/1428/410 333/1429/410
f 331/1430/411 332/1431/411 335/1432/411 334/1433/411
f 335/1434/412 332/1435/412 313/1436/412
f 333/1437/413 336/1438/413 314/1439/413
f 333/1440/414 334/1441/414 337/1442/414 336/1443/414
f 334/1444/415 335/1445/415 338/1446/415 337/1447/415
f 338/1448/416 335/1449/416 313/1450/416
f 336/1451/417 315/1452/417 314/1453/417
f 336/1454/418 337/1455/418 316/1456/418 315/1457/418
f 337/1458/419 338/1459/419 317/1460/419 316/1461/419
f 317/1462/420 338/1463/420 313/1464/420
o sphere
v -0.28021951373097415 1.0200532650940546 -0.022401338958740347
v -0.34478048626902585 1.3861967349059454 -0.07134866104125968
v -0.30127368971719526 1.3502955334937223 0.02345168139851149
v -0.26434311347362316 1.2281838295425604 0.07705560767172627
v -0.2556221882355405 1.0913930031025625 0.058062664763982946
v -0.24911004706503542 1.3526309198644875 -0.027882057092256673
v -0.1905725825721551 1.2314865646214779 0.004458738490768166
v -0.20345854558338064 1.0937283894733276 0.00672892627321478
v -0.24745039433661464 1.3432185615189156 -0.1004789262732148
v -0.18822547917479288 1.2181754797952546 -0.0982087384907682
v -0.20179889285495983 1.0843160311277558 -0.06586794290774335
v -0.2972669335914122 1.327572090321927 -0.15181266476398297
v -0.25867670461941933 1.1960480280251933 -0.1708056076717263
v -0.25161543210975745 1.0686695599307672 -0.11720168139851153
v -0.3693778117644595 1.3148569968974375 -0.15181266476398297
v -0.3606568865263768 1.1780661704574396 -0.1708056076717263
v -0.32372631028280474 1.055954466506278 -0.11720168139851155
v -0.42154145441661933 1.3125216105266724 -0.10047892627321486
v -0.43442741742784485 1.1747634353785221 -0.09820873849076828
v -0.3758899529349646 1.0536190801355125 -0.06586794290774342
v -0.42320110714504017 1.3219339688722442 -0.02788205709225666
v -0.4367745208252071 1.1880745202047454 0.004458738490768187
v -0.37754960566338536 1.0630314384810844 0.006728926273214794
v -0.3733845678902426 1.3375804400692328 0.023451681398511476
v -0.3663232953805807 1.2102019719748067 0.07705560767172627
v -0.32773306640858785 1.078677909678073 0.05806266476398292
vt 0.11004531249999999 0.50261796875
vt 0.11718177792424919 0.5083495094254311
vt 0.10546875 0.515625
vt 0.3170765625 0.640625
vt 0.31518125 0.62343125
vt 0.328125 0.62343125
vt 0.3262296875 0.640625
vt 0.31518125 0.62343125
vt 0.3170765625 0.6062375
vt 0.3262296875 0.6062375
vt 0.328125 0.62343125
vt 0.4609317779242492 0.4994629905745689
vt 0.4537953125 0.50519453125
vt 0.44921875 0.4921875
vt 0.4550618455219909 0.6953125
vt 0.4570369720757508 0.686375018679054
vt 0.46875 0.6936505092536229
vt 0.3626109375 0.714075
vt 0.360715625 0.69688125
vt 0.373659375 0.69688125
vt 0.3717640625 0.714075
vt 0.360715625 0.69688125
vt 0.3626109375 0.6796875
vt 0.3717640625 0.6796875
vt 0.373659375 0.69688125
vt 0.4726619720757508 0.852687481320946
vt 0.4706868455219909 0.84375
vt 0.484375 0.8454119907463771
vt 0.4570369720757508 0.686375018679054
vt 0.4641734375 0.680643478003623
vt 0.46875 0.6936505092536229
vt 0.3612703125 0.6672
vt 0.359375 0.65000625
vt 0.37231875 0.65000625
vt 0.3704234375 0.6672
vt 0.359375 0.65000625
vt 0.3612703125 0.6328125
vt 0.3704234375 0.6328125
vt 0.37231875 0.65000625
vt 0.4797984375 0.858419021996377
vt 0.4726619720757508 0.852687481320946
vt 0.484375 0.8454119907463771
vt 0.4641734375 0.680643478003623
vt 0.4733265625 0.680643478003623
vt 0.46875 0.6936505092536229
vt 0.2454234375 0.640625
vt 0.243528125 0.62343125
vt 0.256471875 0.62343125
vt 0.2545765625 0.640625
vt 0.243528125 0.62343125
vt 0.2454234375 0.6062375
vt 0.2545765625 0.6062375
vt 0.256471875 0.62343125
vt 0.4889515625 0.858419021996377
vt 0.4797984375 0.858419021996377
vt 0.484375 0.8454119907463771
vt 0.4733265625 0.680643478003623
vt 0.4804630279242492 0.686375018679054
vt 0.46875 0.6936505092536229
vt 0.3717640625 0.995325
vt 0.36986875 0.97813125
vt 0.3828125 0.97813125
vt 0.3809171875 0.995325
vt 0.36986875 0.97813125
vt 0.3717640625 0.9609375
vt 0.3809171875 0.9609375
vt 0.3828125 0.97813125
vt 0.4960880279242492 0.852687481320946
vt 0.4889515625 0.858419021996377
vt 0.484375 0.8454119907463771
vt 0.4804630279242492 0.686375018679054
vt 0.4824381544780091 0.6953125
vt 0.46875 0.6936505092536229
vt 0.2922984375 0.63595
vt 0.290403125 0.61875625
vt 0.303346875 0.61875625
vt 0.3014515625 0.63595
vt 0.290403125 0.61875625
vt 0.2922984375 0.6015625
vt 0.3014515625 0.6015625
vt 0.303346875 0.61875625
vt 0.4980631544780091 0.84375
vt 0.4960880279242492 0.852687481320946
vt 0.484375 0.8454119907463771
vt 0.09375572207575081 0.5083495094254311
vt 0.1008921875 0.50261796875
vt 0.10546875 0.515625
vt 0.3690828125 0.953125
vt 0.3671875 0.93593125
vt 0.38013125 0.93593125
vt 0.3782359375 0.953125
vt 0.3671875 0.93593125
vt 0.3690828125 0.9187375
vt 0.3782359375 0.9187375
vt 0.38013125 0.93593125
vt 0.4446421875 0.50519453125
vt 0.4375057220757508 0.4994629905745689
vt 0.44921875 0.4921875
vt 0.1008921875 0.50261796875
vt 0.11004531249999999 0.50261796875
vt 0.10546875 0.515625
vt 0.2688609375 0.640625
vt 0.266965625 0.62343125
vt 0.279909375 0.62343125
vt 0.2780140625 0.640625
vt 0.266965625 0.62343125
vt 0.2688609375 0.6062375
vt 0.2780140625 0.6062375
vt 0.279909375 0.62343125
vt 0.4537953125 0.50519453125
vt 0.4446421875 0.50519453125
vt 0.44921875 0.4921875
vn 0.2128127297119809 0.9421097635576511 0.25911375008262727
vn 0.6099666560710378 0.46586624484895117 0.6410220904086329
vn 0.7016191601173359 -0.05392093507125899 0.7105090336633908
vn 0.5052825588580663 -0.7165690612652413 0.48085165711609623
vn 0.37349691189789147 0.9209821561511617 -0.11086895351673447
vn 0.9034529072627707 0.4272771179664613 -0.03474347162737887
vn 0.9951054113090688 -0.09251006195374885 0.03474347162737885
vn 0.6659667410439768 -0.7376966686717307 0.11086895351673448
vn 0.22972923893406882 0.8461714723550293 -0.4808516571160961
vn 0.6408643014229415 0.2906369904957048 -0.7105090336633906
vn 0.7325168054692397 -0.2291501894245054 -0.6410220904086329
vn 0.5221990680801541 -0.8125073524678632 -0.2591137500826272
vn -0.13427313618809963 0.7615007961266227 -0.6341035107904167
vn -0.023978317472121098 0.13598779594466212 -0.9904202944433839
vn 0.06767418657417733 -0.3837993839755479 -0.9209333511886261
vn 0.15819669295798586 -0.8971780286962698 -0.4123656037569478
vn -0.5052825588580662 0.7165690612652413 -0.48085165711609634
vn -0.7016191601173356 0.05392093507125917 -0.7105090336633911
vn -0.6099666560710375 -0.46586624484895117 -0.6410220904086332
vn -0.21281272971198067 -0.9421097635576511 -0.2591137500826273
vn -0.6659667410439767 0.7376966686717306 -0.11086895351673455
vn -0.9951054113090688 0.09251006195374907 -0.034743471627378876
vn -0.9034529072627705 -0.4272771179664613 0.03474347162737887
vn -0.37349691189789147 -0.9209821561511619 0.11086895351673448
vn -0.5221990680801541 0.8125073524678632 0.2591137500826271
vn -0.7325168054692398 0.22915018942450546 0.6410220904086327
vn -0.6408643014229415 -0.2906369904957048 0.7105090336633906
vn -0.22972923893406874 -0.8461714723550293 0.480851657116096
vn -0.15819669295798586 0.8971780286962698 0.4123656037569478
vn -0.06767418657417716 0.38379938397554797 0.9209333511886261
vn 0.02397831747212078 -0.1359877959446623 0.9904202944433839
vn 0.13427313618809944 -0.7615007961266227 0.6341035107904167
usemtl m_aeb473dc-abdd-ee05-74b0-2c651ba930e8
f 341/1465/421 344/1466/421 340/1467/421
f 341/1468/422 342/1469/422 345/1470/422 344/1471/422
f 342/1472/423 343/1473/423 346/1474/423 345/1475/423
f 346/1476/424 343/1477/424 339/1478/424
f 344/1479/425 347/1480/425 340/1481/425
f 344/1482/426 345/1483/426 348/1484/426 347/1485/426
f 345/1486/427 346/1487/427 349/1488/427 348/1489/427
f 349/1490/428 346/1491/428 339/1492/428
f 347/1493/429 350/1494/429 340/1495/429
f 347/1496/430 348/1497/430 351/1498/430 350/1499/430
f 348/1500/431 349/1501/431 352/1502/431 351/1503/431
f 352/1504/432 349/1505/432 339/1506/432
f 350/1507/433 353/1508/433 340/1509/433
f 350/1510/434 351/1511/434 354/1512/434 353/1513/434
f 351/1514/435 352/1515/435 355/1516/435 354/1517/435
f 355/1518/436 352/1519/436 339/1520/436
f 353/1521/437 356/1522/437 340/1523/437
f 353/1524/438 354/1525/438 357/1526/438 356/1527/438
f 354/1528/439 355/1529/439 358/1530/439 357/1531/439
f 358/1532/440 355/1533/440 339/1534/440
f 356/1535/441 359/1536/441 340/1537/441
f 356/1538/442 357/1539/442 360/1540/442 359/1541/442
f 357/1542/443 358/1543/443 361/1544/443 360/1545/443
f 361/1546/444 358/1547/444 339/1548/444
f 359/1549/445 362/1550/445 340/1551/445
f 359/1552/446 360/1553/446 363/1554/446 362/1555/446
f 360/1556/447 361/1557/447 364/1558/447 363/1559/447
f 364/1560/448 361/1561/448 339/1562/448
f 362/1563/449 341/1564/449 340/1565/449
f 362/1566/450 363/1567/450 342/1568/450 341/1569/450
f 363/1570/451 364/1571/451 343/1572/451 342/1573/451
f 343/1574/452 364/1575/452 339/1576/452